Date,US_EQ,EU_EQ,JP_EQ,CN_EQ,UST_10Y,BUND_10Y,JGB_10Y,CGB_10Y,USD,EUR,OIL,GOLD
2015-01-05,-0.382457,0.490958,1.359708,-0.756300,2.058127,1.070270,1.793472,1.660077,-1.455621,1.420080,0.184376,1.213279
2015-01-12,0.529186,0.270766,0.551316,-0.736332,1.522174,0.727170,1.194134,0.495219,1.611527,-2.447298,-1.485043,0.471254
2015-01-19,-1.488124,-0.263557,-0.143142,-0.990140,1.830176,0.836807,0.605182,1.782636,0.734098,-0.777754,0.245721,-0.374153
2015-01-26,0.134478,-0.821161,-0.009151,-1.154916,1.638600,1.379037,0.751367,1.251672,1.392214,-0.301840,0.851293,1.387681
2015-02-02,1.923373,0.866316,1.298984,1.855165,-0.391106,-0.108175,0.023421,0.065310,0.680434,-1.284053,-0.208664,-1.228988
2015-02-09,0.641405,-0.411272,0.510508,0.646557,1.787281,-0.657468,-0.215600,-0.835489,-1.350953,0.645813,-1.596507,-1.255020
2015-02-16,-1.263997,0.332624,-0.020609,0.879148,-0.810730,0.476917,-1.982372,-1.017205,1.093577,-1.307042,-1.010971,-0.532874
2015-02-23,-1.246536,0.807205,-0.416887,-0.444852,-1.896350,-2.105733,-0.973478,0.330756,-0.524913,-0.126352,-1.482221,-0.065415
2015-03-02,-1.778992,-0.355560,-0.254432,-1.298893,-1.038928,0.249339,0.076344,0.353412,-0.488393,0.664312,-1.113237,0.284225
2015-03-09,-0.740995,-0.465268,-0.595970,-1.497721,-0.060853,1.021198,0.257554,-0.826163,-0.631471,-1.518100,-2.235943,-1.722310
2015-03-16,0.483876,-1.313482,-0.514012,0.184825,-0.011674,-0.490582,1.363150,0.459085,0.214222,0.414380,-0.771573,-1.664299
2015-03-23,0.005609,-0.862655,-0.545242,-0.105400,-2.038613,-0.650756,-0.467290,-0.450257,-0.250638,0.158158,-0.546644,-0.402378
2015-03-30,0.054556,-0.988284,-0.609978,-0.341184,-0.429438,-1.727958,-1.306853,-0.667633,-0.224986,-0.221022,1.369650,0.072063
2015-04-06,-0.108813,0.647312,1.282597,-0.398552,1.382374,-0.216517,-0.121695,0.725087,-1.133828,1.825594,-1.476151,-1.320357
2015-04-13,-0.800159,-0.214487,-0.247881,-1.234896,0.197519,-1.341755,0.017398,-1.428960,-1.399002,0.020779,0.630319,-0.189004
2015-04-20,-0.152078,-0.612194,-0.010439,-1.429097,-0.126101,-1.635215,-0.276585,-0.032909,1.049311,-0.429000,0.417539,-0.171581
2015-04-27,1.442304,0.544691,-0.894663,-1.879338,0.321345,0.807640,1.312289,-0.394362,0.635247,-2.160331,0.905005,-1.719733
2015-05-04,-0.102957,-0.084293,1.070665,-0.641210,0.900913,1.415796,1.772427,0.955790,0.455484,-0.707670,1.195836,0.228076
2015-05-11,-0.966132,-0.170393,-1.723975,-1.560319,0.148000,0.505109,0.549955,-0.616502,0.254530,-0.459158,1.235942,0.080280
2015-05-18,-0.194084,-1.238786,-0.794294,-0.299560,0.483678,-1.305980,-1.568048,-0.445083,0.384924,1.053131,-1.300107,-0.960221
2015-05-25,-1.885992,-0.177413,-1.196947,-1.462307,-1.407124,0.078530,-2.020449,-0.771104,-0.291229,0.632725,1.273209,-0.590568
2015-06-01,-0.088950,-0.479757,-2.722690,-1.238177,-0.624674,-1.174076,-0.917354,0.785541,1.597951,-2.373614,-1.640319,-2.148431
2015-06-08,-1.364507,-0.647119,-2.562428,-0.579984,-0.435225,-0.177912,0.433558,-0.922714,0.245118,0.467701,0.892332,-0.639216
2015-06-15,-0.230987,-0.678738,-1.426744,-3.480647,-0.751877,0.677820,1.642556,-1.548041,-1.478376,2.518453,0.301549,-1.232098
2015-06-22,-0.363353,-0.374524,-0.578432,-0.676495,-0.848758,-0.042008,0.674101,-0.255780,0.512565,0.572579,0.880191,0.371495
2015-06-29,0.607771,1.252862,0.970112,-0.160803,1.328424,-0.218585,0.477627,2.036303,0.022568,0.313103,0.963283,1.290922
2015-07-06,0.348343,1.686274,-0.630872,-0.055595,-0.964629,1.519613,-0.078331,0.910248,1.252643,-0.531609,-1.024352,-1.435229
2015-07-13,1.971733,1.178062,1.529212,0.430217,1.206144,0.584156,-2.053563,-0.476123,2.426159,-0.603603,-1.264177,-1.115461
2015-07-20,0.770307,1.953085,2.359244,1.835229,-0.249557,-0.746669,-0.376974,-1.889794,0.584950,-0.782310,0.896048,0.158782
2015-07-27,0.881476,1.006326,0.964788,0.714978,0.838925,-0.519793,0.385178,-0.000722,-0.298401,-0.770420,0.009350,0.710960
2015-08-03,-0.450098,0.835370,0.343822,-0.063143,-0.682641,0.261559,-0.420662,-0.070132,-0.225309,-0.077831,0.643400,0.336861
2015-08-10,0.863096,0.036240,1.684995,0.269566,-0.187684,-2.815031,-3.231548,-2.803629,0.047712,0.685047,0.104020,-0.178154
2015-08-17,0.869219,1.044282,0.257695,1.925143,1.032709,0.317048,-0.004570,0.758733,-1.500632,1.499083,0.094245,-0.073159
2015-08-24,0.560539,-0.203529,2.233980,0.515085,0.427362,-0.956351,-1.453907,-0.360433,0.245850,-1.297193,0.526356,1.220917
2015-08-31,1.147600,1.576925,1.092534,-0.926995,1.577805,1.610473,-0.710433,0.189407,1.103247,0.531445,-2.087535,-0.820153
2015-09-07,1.691055,-0.766357,0.947727,0.953446,-0.665120,0.468633,-0.273175,0.130554,-1.174276,0.296730,1.445784,-0.854082
2015-09-14,2.628884,0.166283,1.313523,0.291153,-0.504842,-0.449255,-1.266798,0.255839,0.966972,-0.998800,1.629187,-0.470420
2015-09-21,0.129691,1.186018,0.966763,0.990347,1.433294,0.981559,0.651357,1.592327,0.635933,0.142091,-0.187357,0.425567
2015-09-28,0.747432,-0.188648,-1.630586,0.244061,-0.808030,0.580790,0.791533,1.347799,0.798351,0.784679,-0.321722,2.146761
2015-10-05,-0.808642,-0.607544,-1.114485,0.776938,-0.964544,-0.464636,0.416873,-0.570857,0.513030,-0.733445,-0.081785,-0.847233
2015-10-12,-1.419502,0.205889,-1.570938,-1.688833,-0.789190,-0.319819,-0.255903,0.439923,-0.988619,-0.177090,0.060205,-2.083385
2015-10-19,0.121990,-1.296696,0.704418,-1.435356,0.306950,-0.297180,-0.598758,0.184519,-0.432108,-1.567983,-1.461925,-0.974011
2015-10-26,-2.033460,-0.408134,0.047193,-1.122062,-0.886826,-1.541354,0.482805,0.277505,-2.777886,0.879087,1.442283,0.436360
2015-11-02,1.460247,1.433205,-0.193535,-1.296751,0.173398,1.634862,-0.813375,0.184088,-1.943069,-0.300353,1.033436,2.453937
2015-11-09,-0.924944,-0.113963,0.285833,-0.687882,1.908121,2.034396,0.537797,0.056761,-0.098611,-0.669394,1.063644,1.074180
2015-11-16,-1.947791,-1.439056,-0.432339,-0.007423,0.660988,-0.394714,1.074181,1.770903,0.127382,-0.914553,2.584803,1.267630
2015-11-23,-0.485371,0.320488,-0.189649,0.066875,0.165814,1.763071,1.585612,1.602534,-0.803144,0.545798,-0.184558,1.183167
2015-11-30,1.328712,1.382403,0.672160,-0.176357,-1.398541,-1.728759,-0.456601,-1.143638,-0.840392,-0.552552,2.263657,0.687351
2015-12-07,1.039045,2.188540,0.890496,1.193593,0.423424,0.515262,1.334996,0.058426,0.903190,0.061266,0.319350,1.094132
2015-12-14,0.959653,0.377417,1.268964,-0.317114,0.617848,1.635253,0.862019,-0.644125,-0.651990,-0.025272,-0.507784,-0.106191
2015-12-21,1.918128,2.528349,-0.978201,-0.535453,1.337179,1.076218,0.210375,-0.437431,-0.937813,-0.454360,0.005368,-0.569564
2015-12-28,0.174945,1.959140,-0.628405,1.006602,0.574804,1.821436,0.263895,-0.866835,-0.037099,-0.577428,1.272130,0.267978
2016-01-04,0.318105,0.037863,2.099277,-0.539783,1.483042,1.041987,0.706921,1.462620,1.105492,-0.901111,1.066058,1.347174
2016-01-11,0.191158,1.039214,-0.049044,0.718098,1.479532,2.604980,0.358542,1.178480,2.363466,-0.976364,1.103069,2.271821
2016-01-18,-0.024682,-1.165416,-1.685152,0.026109,0.719537,-0.285418,0.245565,-0.428020,0.313891,3.011393,1.132847,1.571710
2016-01-25,-0.559092,-1.080732,-2.817776,-0.587899,-0.037061,-0.178832,0.362696,-0.509561,0.134907,2.195866,1.373082,0.891457
2016-02-01,0.057447,1.066811,0.564562,-1.360234,1.863488,-0.608567,0.889095,-0.114696,0.108168,1.665810,-2.027679,1.313397
2016-02-08,-1.779888,0.052123,-0.748308,-0.559244,2.135109,-0.061379,2.159903,2.011428,1.003431,-0.080038,-2.202253,0.237501
2016-02-15,-0.029748,-0.086967,-0.165261,-1.261717,0.664349,0.696498,1.735879,1.561615,0.237926,0.174666,0.484149,-2.861390
2016-02-22,1.417663,1.241956,1.066003,0.362533,-0.563352,1.701854,-0.357073,-0.435363,-0.523054,0.796860,0.068711,0.860663
2016-02-29,0.804944,1.215930,-0.379782,0.265012,-0.229315,-0.067528,0.562409,0.186743,-0.196310,1.523887,0.598731,1.587038
2016-03-07,0.203163,0.441339,0.195952,-0.743526,0.187311,0.630539,0.881304,-0.986456,0.963666,-1.323019,1.621206,1.777772
2016-03-14,1.693499,1.437367,0.859845,1.477597,1.111704,0.126383,-0.209842,0.192587,0.370698,0.688397,-0.177787,0.609945
2016-03-21,1.022243,1.669984,2.571429,3.221022,-1.312280,-0.718713,0.091737,-1.982910,-0.747493,0.891213,0.104372,0.943053
2016-03-28,-0.925178,0.017046,0.344884,-1.009339,0.654875,-0.176953,-0.860864,0.703904,-0.014649,0.849331,2.096452,0.229212
2016-04-04,-0.265937,1.524296,-0.051839,0.587578,2.642569,1.518662,-0.555519,0.287699,0.130478,0.083856,-0.098723,-0.114053
2016-04-11,0.403853,-0.739647,0.097200,-0.593981,-0.101117,-0.609541,-0.573406,0.331986,-0.774375,0.392896,-0.817012,0.435541
2016-04-18,0.143920,-0.246345,-0.724955,-0.192033,-0.252117,1.432133,-0.667783,0.196991,-0.139834,-0.247075,-0.898050,-0.277735
2016-04-25,1.253768,0.841508,1.072988,-0.637961,0.562735,0.679452,-1.092877,-1.909393,-1.604213,0.134163,-0.953111,0.498998
2016-05-02,1.048926,0.065783,-1.196137,1.746544,0.075447,-0.140688,-1.920309,-1.656441,2.250747,-1.609583,0.490988,1.719277
2016-05-09,0.443317,0.644573,1.269081,1.450125,-0.976295,-0.402292,-0.859247,-0.445319,0.053303,-0.276120,0.791849,0.972110
2016-05-16,0.747589,0.560804,0.700995,0.315619,1.015456,-0.907131,0.753103,-0.335438,0.888109,0.666785,0.055160,1.789860
2016-05-23,-1.383613,-1.048968,-0.868358,-1.099956,1.596778,0.551040,-0.079217,-0.549457,1.382180,0.022532,-1.575118,0.998480
2016-05-30,0.987962,-0.510946,0.231129,-0.973139,-0.667823,0.115884,1.024525,1.099889,-1.411516,-0.493790,0.833113,0.480548
2016-06-06,-1.040686,-0.011606,1.336286,1.316076,-0.846441,-0.092046,0.065870,-0.443646,-1.132904,-0.914121,0.729077,0.038308
2016-06-13,-0.762360,-0.195102,-1.371917,1.503640,-1.416462,0.740874,-0.676245,-1.032413,-1.149263,-0.801186,-0.253819,-0.203973
2016-06-20,0.728844,-0.265574,1.210392,0.529315,-1.965602,-0.248988,-0.255751,-1.653694,-2.400664,1.045994,-0.302162,-0.953760
2016-06-27,-1.081389,0.094269,-0.453378,-0.224331,-1.250455,-0.076456,-0.579313,-0.823854,-0.206332,-0.925376,0.436550,-0.148240
2016-07-04,-1.471489,-1.420546,-1.659909,-0.188987,-0.595248,-0.893380,-0.034579,-0.201227,0.659399,-0.774598,-0.730573,1.277240
2016-07-11,-0.203859,0.392530,-1.184762,0.219020,-1.136344,-1.333875,1.170312,-1.897100,1.304258,0.778372,-1.483016,-1.154394
2016-07-18,-0.204832,-1.453838,-0.517681,-1.950070,-0.849129,-1.213137,1.165824,-0.198615,-0.577493,0.459304,-0.792028,-2.624948
2016-07-25,0.577404,-0.585615,0.448331,-0.399484,-0.766074,0.163207,2.242245,-0.982972,-2.382593,-0.018163,0.897478,-0.983528
2016-08-01,0.194858,0.478327,-0.188121,-1.744819,0.261283,-0.003283,0.758142,-1.485997,-0.031104,-2.084406,1.001014,0.401425
2016-08-08,1.436651,1.292718,0.140897,0.780859,-0.481843,1.393803,0.486179,-1.145812,0.174654,-1.632180,0.133003,-1.657795
2016-08-15,-0.519154,1.246310,0.708319,-1.718544,0.042384,0.323465,0.069423,-0.128961,0.590045,0.239845,0.228282,-0.116362
2016-08-22,0.030232,0.114940,-0.445716,-0.907112,-0.997570,-1.722239,-0.688315,0.167653,0.635332,-0.471253,-0.340472,-0.955626
2016-08-29,0.521514,-0.070093,1.111749,-1.289695,-0.623077,1.050965,-0.543394,1.591985,1.382881,-0.661001,-0.381454,-0.954987
2016-09-05,0.651145,0.153330,0.376898,0.552954,0.267309,1.241627,-0.019838,1.424411,1.366102,-0.835682,0.918323,-0.057678
2016-09-12,2.402730,0.145444,3.581015,1.062753,0.665824,-0.017503,-0.203173,3.259029,0.276132,0.373125,1.305895,-0.299302
2016-09-19,1.494078,0.982366,0.576861,1.568058,1.544339,-0.771797,1.179336,-0.355967,-1.305523,-0.474870,-1.370901,0.283310
2016-09-26,-0.066221,-0.365450,-0.591244,-0.007441,0.111316,0.210500,3.265945,0.139776,-1.099984,-0.632717,0.298439,1.117892
2016-10-03,-0.392474,0.219953,0.358601,1.046291,1.240719,2.560076,1.469020,0.727013,2.230143,-2.313303,1.273470,0.960330
2016-10-10,0.498993,-1.275216,-0.613487,-0.478506,2.546156,2.011510,2.631986,1.600609,0.464104,2.590347,0.135542,-1.629475
2016-10-17,0.211634,0.224453,-0.278921,0.346015,2.306136,2.389181,2.211863,3.893564,0.684738,-0.290660,1.521394,2.348283
2016-10-24,1.225871,1.018261,0.347641,0.059173,0.161805,-0.315593,0.498789,0.503194,0.546193,-0.464263,-0.704480,0.432601
2016-10-31,-0.373899,0.257162,0.954912,-0.519653,1.801228,3.082672,1.972721,0.928328,0.622524,0.531918,0.088145,2.782413
2016-11-07,0.437509,-0.121693,0.681710,-1.198142,-0.860777,0.763692,-0.949915,-0.375772,-0.937537,1.264950,-0.566699,-1.176203
2016-11-14,-1.629773,0.301212,-0.724259,-1.507184,-0.864616,0.866333,-0.623653,-0.656557,-1.541935,1.374650,2.293722,1.557520
2016-11-21,-1.955577,-0.603695,-1.013415,-0.877291,-0.612863,-0.156978,1.581587,1.005468,-1.643154,-0.168337,1.302285,0.923723
2016-11-28,1.551177,-0.638832,-1.316419,-1.636460,-2.272486,-1.996465,-1.191734,-0.844461,-0.544846,-0.360758,-1.646513,0.705946
2016-12-05,1.591649,0.776145,1.754287,1.125876,0.469581,-0.279244,-0.729637,0.058139,-0.777946,0.234801,0.244563,1.542552
2016-12-12,0.038142,0.977861,0.058724,0.687072,0.795343,1.118526,-0.945925,0.673885,2.020432,-1.288569,1.552951,-0.228296
2016-12-19,1.074113,0.977772,0.922008,1.932043,1.558228,3.520078,1.694828,0.032340,-0.747344,0.376838,-1.921623,-1.436351
2016-12-26,-0.614791,1.586101,1.300742,1.735379,0.449410,1.201926,2.141483,0.965822,-0.745615,0.043804,1.280621,-1.658602
2017-01-02,0.131551,-0.995789,-0.283107,-0.691523,-0.012038,-0.333236,0.630405,1.100662,-0.694419,-0.035485,-0.660532,-0.207409
2017-01-09,0.630727,1.724369,0.344082,0.665896,0.466330,0.936544,0.842417,0.592143,0.476143,-0.567643,-0.391644,0.682164
2017-01-16,-0.823104,-0.027506,-0.229799,-0.974159,-0.141694,1.379359,0.573341,0.320561,-0.429024,1.864902,-0.441883,0.020148
2017-01-23,-1.845203,-1.189382,-2.385241,-0.706072,-2.211067,-0.248936,1.095578,-0.054554,-0.653883,0.872274,0.171291,-0.122214
2017-01-30,-1.257531,-1.698148,-2.042345,-1.390545,-1.667875,-0.696166,-0.901315,0.094907,-0.129174,-1.605267,-0.982697,-0.372202
2017-02-06,-0.908110,-1.089049,-1.457615,-1.675666,-0.884093,-1.279118,0.689620,0.992546,-0.552846,1.464806,-0.313760,-0.594102
2017-02-13,-1.495743,-0.955814,-0.887578,-0.868869,-1.578457,-0.990955,-0.893357,0.876245,0.499051,-2.168763,-1.617607,-0.583608
2017-02-20,-0.263479,-1.863271,0.241722,-2.161169,-2.670101,-1.301450,-0.010159,0.340384,-0.142884,0.317728,1.245231,-0.018464
2017-02-27,1.455000,0.354148,1.266911,0.112356,-2.137435,-0.964271,-2.221012,-0.669259,0.448981,-0.330716,0.272858,1.239345
2017-03-06,0.221948,0.676590,3.645372,0.762936,1.071844,1.572792,-0.578463,0.827572,-0.222751,1.406578,0.722491,-0.003071
2017-03-13,0.182464,-0.012160,1.716987,0.351703,0.051151,2.092869,0.694786,0.776820,1.363643,-2.100563,0.540354,0.559313
2017-03-20,1.168074,0.411990,0.796711,-0.622556,1.599213,1.548687,-1.763825,0.083748,2.092884,0.410893,-0.014843,-0.393336
2017-03-27,2.054315,2.588660,3.237252,1.736164,0.313619,-0.093913,-0.808438,0.241740,1.208568,-0.700822,1.112285,0.762834
2017-04-03,0.399653,3.812453,2.532245,1.625239,0.588068,0.019805,0.072353,0.456708,0.779841,-0.665239,0.204726,-0.932086
2017-04-10,-0.817552,-1.513868,0.029747,1.756214,-1.527429,-0.605109,0.599873,-2.015201,0.223299,0.061069,-1.066300,-0.982318
2017-04-17,-0.961448,-2.695631,-0.995905,-0.272031,-0.838308,0.935681,0.229386,-0.128545,1.758252,-0.922567,-0.113695,-0.395234
2017-04-24,-0.134242,-1.932565,-0.535559,-0.418851,-1.974058,-0.188657,-1.824930,-0.879894,0.687981,0.075987,0.475786,-0.544922
2017-05-01,1.828480,1.356252,0.850608,0.670883,-0.501752,-1.116675,-0.533623,-0.085765,-0.687208,0.267253,0.642101,0.757216
2017-05-08,0.011409,1.357679,0.445197,1.383791,0.977800,-0.986262,-0.435847,0.407143,0.767770,-1.081338,0.963903,1.256075
2017-05-15,-0.315629,-0.969524,-0.866488,-0.635981,-0.150719,-0.326424,1.368475,0.416236,0.277942,0.782895,-0.307130,1.308358
2017-05-22,0.059663,-0.015310,0.034198,0.325729,-1.120274,-1.203072,-0.977055,-0.703355,-0.026398,0.810946,-0.898581,-1.524218
2017-05-29,-1.612480,-0.510152,-0.214167,-0.317590,0.187866,-1.733913,-0.972867,0.076319,-1.231363,1.088463,0.145204,1.289661
2017-06-05,0.034015,-1.125344,-0.578447,-0.130119,1.180900,0.580545,2.160341,1.936268,0.245060,-0.460390,1.263619,2.634981
2017-06-12,1.079613,0.432670,2.519225,-0.562226,-0.083227,0.278510,-0.030518,-0.345956,0.763960,-0.435270,0.944458,1.643115
2017-06-19,0.306631,0.197587,0.364250,0.098655,1.417509,-0.308029,2.887915,2.041386,1.255655,-1.159657,-0.223005,-0.335710
2017-06-26,-1.509832,-2.276739,-1.822616,-1.927847,1.809906,0.147667,1.056419,1.681261,-0.570360,0.375198,1.287512,-2.044349
2017-07-03,0.223842,-0.387578,-0.960761,-1.122015,1.076737,1.985989,-0.050486,0.347484,-0.285286,-2.391281,-0.962988,0.230514
2017-07-10,-1.918323,1.009433,0.274799,1.667819,-0.137066,0.799688,-1.441208,-0.336103,-0.237583,-1.811343,1.134747,1.360161
2017-07-17,-0.001626,-0.012807,-0.036326,-0.417005,-0.292292,0.408318,0.638727,-0.991221,-0.394271,0.733327,0.519538,-1.441728
2017-07-24,-1.026478,-1.327152,0.129806,-0.385517,-0.104461,-0.321545,-0.009893,-0.446780,-0.411609,1.036598,-1.186900,-0.995900
2017-07-31,1.797103,-0.700240,0.597158,-0.393550,-0.864148,0.874616,1.272097,-1.663851,-1.159567,-0.457161,-0.513654,-0.511732
2017-08-07,-0.027983,0.606153,0.148363,1.779221,0.953869,0.469199,2.491866,-0.928015,-0.510829,0.220290,1.389766,1.314266
2017-08-14,-0.635801,-0.862918,-1.849798,-0.067769,-1.036675,-0.430677,-0.521759,-0.088229,1.482045,0.036581,1.620605,0.560142
2017-08-21,-0.132760,1.368866,-0.561112,-0.217941,-1.681361,-1.785667,0.140622,-0.230445,-1.111541,0.475267,-0.321504,0.339858
2017-08-28,0.444522,-0.992187,2.215837,1.619546,0.721368,-0.354513,0.332701,1.207191,-1.371079,0.248283,0.733095,0.138304
2017-09-04,-1.268396,-0.085035,-0.570049,1.380380,0.128657,0.153119,-0.181521,-1.591080,-1.003432,-0.297496,1.410552,0.394428
2017-09-11,-1.085260,0.727390,-1.239213,1.048341,0.812384,0.247003,-0.723672,-0.744338,-1.308588,0.434546,-1.517996,0.617241
2017-09-18,-1.558102,-1.619083,-0.030435,-0.657975,0.491694,-0.514608,-0.306293,0.591439,-1.544080,0.040938,-2.021283,-1.258300
2017-09-25,-1.178246,0.120527,0.431855,-0.459385,0.235097,0.028230,-0.380821,-0.143741,-0.061049,-1.189005,-1.401885,1.216039
2017-10-02,-1.881741,0.401229,-0.827422,1.077381,-1.564624,-0.223210,-0.394942,0.295188,0.560136,1.292246,-0.640489,0.254410
2017-10-09,0.075910,-2.470031,-1.642526,-1.519429,-2.156645,-1.366355,0.836562,-0.176234,0.639005,0.491219,-0.836118,-1.389835
2017-10-16,0.469729,0.330762,0.788796,0.990817,-1.309042,-0.192436,-1.331288,-1.984402,1.652004,-3.075775,-1.132061,-1.855824
2017-10-23,0.477147,-0.895938,0.983698,1.523935,-0.516469,-1.386697,-1.446521,-1.228689,-0.677220,0.949770,-0.260269,0.899812
2017-10-30,-1.085592,-0.802243,0.189396,0.423451,0.245930,0.215110,-0.016010,-0.392907,0.598045,-0.243582,-1.064029,-0.433817
2017-11-06,-0.473883,-0.170722,-0.793034,-0.217751,-0.574320,1.185095,1.449648,0.934577,0.395128,-1.560527,-0.791653,-1.455332
2017-11-13,0.109596,-0.741610,0.302218,-0.407676,-2.039175,0.080393,0.316473,0.577739,0.412615,0.580532,0.779526,-0.230029
2017-11-20,-0.680347,0.033984,1.386729,-1.457819,0.010671,-1.490596,0.840688,-0.564807,0.332258,0.637054,-1.432378,-1.396760
2017-11-27,-1.403042,-0.596339,-1.475815,-0.395211,1.152696,-2.305770,-0.621635,-0.231400,-0.385378,-1.160286,-0.795458,-0.882612
2017-12-04,0.262165,-0.755708,-1.282860,0.632767,-1.010711,-2.060411,-1.472794,-2.235994,-2.110451,1.329090,-1.137057,-1.197568
2017-12-11,-0.578630,0.732733,0.688596,1.120549,-0.243955,0.312922,-0.375471,-0.115408,-0.399295,-0.769341,1.201634,-1.057670
2017-12-18,-1.381405,-1.704618,-1.337382,-1.811939,-0.142850,1.475560,-0.458387,0.554223,0.657196,-0.412828,0.690938,-0.383737
2017-12-25,0.831841,0.245473,-1.638657,0.320927,0.922748,2.167782,1.616703,0.681437,0.458889,-0.433284,1.217825,1.359204
2018-01-01,-0.710618,-0.435859,0.553007,1.211041,-0.477593,-0.056399,0.048655,-0.704208,-0.989836,0.625242,0.853239,1.077667
2018-01-08,2.227122,0.800005,-1.303556,0.415467,0.061123,-0.640036,0.967912,0.760468,-1.001328,0.211768,-0.511307,0.287878
2018-01-15,-0.527991,0.778718,0.320834,0.376419,0.513538,-0.671244,-1.534294,-1.007718,0.321809,-1.709714,0.113837,0.512855
2018-01-22,0.847521,0.464068,-0.968165,-0.883733,-0.264444,-1.141350,0.638888,-0.106744,0.120792,-0.110407,0.836681,0.308377
2018-01-29,0.666153,0.177853,1.888227,0.414497,-0.716758,-2.234656,-0.649820,-0.661727,-0.076527,-0.179797,-1.448402,-1.373831
2018-02-05,0.547452,-0.261562,1.905922,-0.426100,0.603598,-2.738745,-0.192933,-1.307809,-0.990694,2.190171,-0.680126,-0.748689
2018-02-12,1.877824,2.376807,1.619255,1.900453,0.981678,-0.357081,0.910652,1.313920,0.592863,-0.710197,-0.812085,0.846352
2018-02-19,-1.088064,0.746599,0.330772,-0.625694,1.369401,0.001086,0.859167,1.173053,-1.558366,1.550899,1.242004,2.033833
2018-02-26,1.193492,1.112652,0.864607,1.710288,0.307129,-0.996236,-0.006586,-0.299035,0.339781,1.144439,-1.152812,-1.646274
2018-03-05,1.230273,0.964419,0.815983,1.148391,0.608776,0.282932,0.468918,-0.984752,-0.567795,1.228921,1.165851,0.516829
2018-03-12,0.983205,1.091694,0.283706,-0.887394,1.029784,-0.556943,-0.399759,-0.601404,-1.178261,0.557131,-1.381252,1.239736
2018-03-19,-0.923125,0.497385,-0.338661,-0.261982,0.507713,0.317627,-0.240160,0.491417,-0.918292,-0.831584,1.861930,0.169150
2018-03-26,0.131567,-0.639504,1.203659,1.163110,0.082854,-1.539909,-0.530457,0.081869,-0.883084,0.722948,0.926473,0.768774
2018-04-02,-0.798515,0.354149,0.665536,0.082326,0.718884,0.628157,-0.132814,-0.203461,-0.549545,0.189904,1.200622,1.691579
2018-04-09,-0.233792,1.618864,0.392051,-1.086153,0.099141,1.385060,0.022019,1.479347,-0.541618,-1.709499,-1.292292,0.016275
2018-04-16,-1.095256,0.187597,0.031488,0.537327,1.039837,1.967590,0.446523,-0.710086,1.315418,-1.154758,-0.906826,-1.072882
2018-04-23,0.863679,-0.282865,-0.410840,-1.170746,-1.000098,-0.017551,-0.090366,0.141480,-0.686878,0.771977,0.053940,-0.760982
2018-04-30,1.063950,1.463565,-1.475633,1.325336,0.297373,0.833662,0.485565,-1.675922,-0.380362,1.336369,-0.100491,0.855770
2018-05-07,-0.928692,1.558973,0.071103,0.919601,0.223118,0.124898,1.445949,-0.517404,0.071565,0.349896,0.345956,0.649362
2018-05-14,-0.178915,-1.113984,-0.938413,-0.710558,0.311697,1.919476,-0.909657,1.508468,2.258753,-1.934730,-0.425021,0.315978
2018-05-21,-0.220374,-1.003493,-0.398809,-0.763012,-0.459825,-1.062515,1.092848,0.044305,1.902764,0.076225,0.136067,-2.146777
2018-05-28,1.388069,-0.762399,1.358910,-0.023113,-0.003076,-2.470336,-1.022795,-2.549882,-0.117655,-0.358676,0.290970,-1.152065
2018-06-04,1.441185,1.016085,1.524768,2.110005,1.221603,-0.729000,-0.455127,-1.403106,-1.127979,0.453778,-1.166204,-0.227443
2018-06-11,0.870040,1.347470,-0.119588,2.081002,0.350463,-0.220445,-1.890668,-0.247610,-3.088930,0.076697,0.120563,-0.385198
2018-06-18,-0.528942,-2.054036,0.671697,0.055648,-0.891488,1.755410,-1.400485,0.830248,-1.079961,0.200087,0.415403,1.191216
2018-06-25,-0.550707,-0.935143,-1.132461,-1.525864,-2.191313,-0.957408,-1.339654,-0.412808,-1.242881,1.154558,-2.838811,-0.706049
2018-07-02,-2.808639,-2.778393,-1.049392,-2.140125,-0.722703,-1.454248,0.240822,-0.067562,0.607560,0.719070,0.262027,-0.092464
2018-07-09,-0.304974,-0.785893,-0.755410,-1.272879,-0.804767,-1.253400,-0.615081,0.125278,-0.964627,0.083230,-0.848516,-0.163891
2018-07-16,0.293021,0.730035,0.539178,0.873153,0.508449,-1.690579,-0.260237,0.799954,-0.429545,-0.495334,-0.581172,0.986133
2018-07-23,0.703865,0.609962,1.420268,2.162830,1.768982,-0.011902,-1.263568,1.180028,-0.524099,0.076142,-1.000634,-0.203143
2018-07-30,1.604181,0.372881,0.490925,1.978987,-2.569797,-1.311494,-0.388661,0.347959,-0.635112,0.024785,-0.775715,1.324865
2018-08-06,-0.223576,0.486912,-0.126411,1.649123,-2.173962,-2.415205,-1.302641,-0.714383,0.868505,-1.741892,0.841566,1.366944
2018-08-13,-0.081066,-1.019734,1.216455,-0.033714,-1.445472,-0.362501,-0.139569,-0.303666,-0.535180,0.424251,-0.321891,-0.033217
2018-08-20,0.490724,0.604119,0.289723,1.284384,-0.822023,-1.160509,-1.087676,-1.377845,-1.301155,0.238193,0.192869,1.048872
2018-08-27,1.346139,0.163957,-0.017639,-0.556201,1.089511,0.883494,-0.169057,-0.814825,-0.745246,0.736941,1.228503,0.277228
2018-09-03,1.606701,-0.058055,1.210875,1.975221,1.094503,-0.159788,-0.710314,-1.730538,-0.755211,-0.015854,-0.642646,0.016136
2018-09-10,0.930857,-0.481761,0.147982,1.857354,-2.763984,-1.638916,-1.968779,-1.543134,-0.761096,0.229380,-0.152321,0.974765
2018-09-17,0.296187,1.364260,2.636455,1.263598,-0.722747,-1.495321,-1.686620,-1.590189,-0.687803,0.215486,1.153834,0.282092
2018-09-24,-0.172800,-0.260257,-0.681233,-0.527402,0.468949,0.096640,0.363756,0.214763,0.176719,-0.078989,-1.921593,2.862209
2018-10-01,-0.683217,-0.343447,0.810903,-1.728403,-1.014581,-0.616358,2.238617,-0.796482,-1.140556,-0.863564,-0.344412,1.060003
2018-10-08,0.291835,-0.226198,1.000186,0.948668,0.637613,0.057031,0.094816,-0.893695,-0.474027,-0.202024,-0.013951,0.383141
2018-10-15,1.178423,2.347149,0.736194,0.036735,-0.886704,-0.240072,0.189079,-0.192761,-0.094389,-0.491702,-0.936537,-0.157962
2018-10-22,-0.073449,1.565091,1.357976,0.930539,-1.226211,-0.979265,-0.616278,-0.475950,0.675945,0.294109,0.359255,0.538168
2018-10-29,1.220639,1.684735,1.307520,1.919804,-1.024441,-0.331104,-0.816988,-0.379165,0.107782,0.575299,-0.325002,1.713181
2018-11-05,-0.703448,-0.238995,-1.073090,-0.030201,0.157605,-0.397553,0.691883,0.066818,-0.192136,1.579522,1.910106,0.375479
2018-11-12,-0.906840,0.474545,-0.365869,-0.327054,-0.269941,-0.406691,0.107454,0.671818,0.168657,-0.871386,1.534841,0.634691
2018-11-19,0.655232,0.532906,-0.450803,-0.657179,-1.145695,-0.840847,0.165025,-2.188484,1.680992,-1.064442,-0.020739,-0.176854
2018-11-26,1.378413,-0.166269,0.422738,1.590555,1.018238,-0.659094,0.914504,0.319969,0.440511,-0.421257,2.131068,-0.041668
2018-12-03,-2.154149,0.607861,0.162483,0.033329,2.553410,0.886679,1.660342,-0.700002,-1.332681,-0.432638,0.092830,0.043480
2018-12-10,-1.175028,0.317468,0.785447,-1.126975,-0.590815,-0.448262,0.724693,0.031128,-0.499799,-0.001776,-1.006966,-0.207350
2018-12-17,-1.026372,1.541869,1.008960,0.294700,-1.029636,-0.599197,-0.319855,-0.251558,0.008069,-0.506189,-0.614360,-0.550243
2018-12-24,-0.161463,0.736003,0.673244,-0.558486,-0.397936,-1.715767,-0.483494,-0.164407,0.025168,1.499123,1.014542,-1.044786
2018-12-31,0.095473,0.928187,-0.076895,1.251770,-0.862818,-0.324700,0.120302,-1.740915,-0.093809,1.373673,1.095920,1.206318
2019-01-07,1.279034,0.398809,0.535835,1.777717,-0.332423,-2.239040,-0.789001,-0.418434,0.557659,0.091546,-0.679985,0.845802
2019-01-14,-0.446308,-0.134670,0.572330,-1.585924,0.405856,-0.140940,0.564202,-0.692336,0.940816,0.500621,0.729641,2.085374
2019-01-21,-0.392218,0.858286,1.861606,-0.168993,1.536984,-0.481095,-1.186982,0.092969,-0.884013,1.865003,-1.213672,-0.714193
2019-01-28,-0.834260,0.063113,-0.636002,1.059262,0.167793,-1.367799,1.634847,1.301367,0.870095,0.731253,-1.325345,0.482968
2019-02-04,1.082919,-0.581186,0.723032,0.579424,1.308377,0.058190,1.416789,1.144698,-1.017171,0.561490,-0.406956,1.274331
2019-02-11,0.825156,-0.798033,1.030355,1.823094,1.318463,0.607238,-0.004966,1.472204,0.684648,-1.049480,-0.105697,1.641514
2019-02-18,1.348648,-0.390964,-0.256309,0.305133,-0.352988,0.524847,-0.015812,0.454511,0.679927,1.162984,-0.828266,0.125500
2019-02-25,0.943478,0.286268,-0.502315,0.054260,-1.389371,-1.305861,-0.719435,-0.155554,0.554551,-1.040407,-0.262697,1.630030
2019-03-04,-0.534035,0.261290,0.542322,0.115883,-2.080248,-1.066093,-0.484696,-2.920144,1.247540,-1.014398,-0.718866,1.096919
2019-03-11,-0.659319,0.446080,-0.050082,-0.194366,0.014374,-0.912983,-0.453589,0.127393,1.619773,0.065686,1.429488,-0.043861
2019-03-18,-0.691991,0.639657,-0.910383,-0.976778,0.672092,-1.586231,0.135178,-1.802040,-0.113690,1.223812,-0.104556,-0.799974
2019-03-25,-0.537688,0.966354,0.155361,0.053459,0.275854,-1.412998,-0.209002,-1.576573,0.484717,-0.454100,0.189675,-0.200439
2019-04-01,-2.435784,-1.478811,-1.843404,-0.040948,-0.137035,0.269569,0.794789,0.456338,0.367011,-0.921775,0.095854,1.952359
2019-04-08,-2.521810,-2.987878,-2.594039,-1.573481,-0.533943,-0.086493,0.753982,-0.823340,-0.569942,0.492409,-1.218583,-0.799717
2019-04-15,-1.729424,-4.851284,-2.612201,-1.674604,-0.722741,-0.781176,-0.199454,0.491072,0.580095,1.149674,-0.052511,-0.894452
2019-04-22,-0.674741,-2.380977,-1.293156,-1.757642,-0.648444,0.613941,-0.513525,0.190825,2.340622,0.902283,-1.532487,-0.459565
2019-04-29,-0.560306,-0.074832,-0.267434,0.093544,-1.096156,-1.682330,-1.859724,-1.235012,-0.178608,0.329749,-0.121910,-1.817068
2019-05-06,-0.656120,-0.674708,-0.020113,-0.623071,-1.680722,-0.899610,-0.423450,0.399725,1.308980,0.176296,-2.358984,-0.141163
2019-05-13,-0.520368,-0.104420,0.569652,-0.486671,-0.859095,-1.201415,0.581196,-1.101307,-0.358355,1.014024,-1.722569,0.837665
2019-05-20,0.465590,0.248855,0.250148,-0.206208,-0.677974,-0.608268,1.475734,-0.939571,0.192424,0.107524,-0.380260,0.240806
2019-05-27,-0.570346,0.130302,-0.081168,-0.985634,-0.301025,0.228477,1.303489,1.039280,0.160411,-0.724891,1.090957,-1.052502
2019-06-03,-0.413517,-1.380880,-1.083574,0.746441,0.980483,1.247683,0.785910,0.108974,-0.323786,-1.131869,-0.142648,-0.398245
2019-06-10,-1.971080,-2.135040,-1.673397,-0.046269,-0.404939,0.482804,0.931314,-0.216493,-1.299850,-0.400728,-0.958854,-0.863836
2019-06-17,0.387042,0.992816,-0.613046,1.292865,-0.426797,-2.180736,-0.130167,0.563238,1.224159,-0.734433,-0.870820,-0.443756
2019-06-24,-1.375335,1.099489,-0.479200,-0.203247,2.290396,0.530325,-0.595197,1.787011,0.330103,-0.910620,0.562354,-1.963837
2019-07-01,0.276998,-1.080847,-0.109852,-0.782027,1.217890,1.952200,0.687983,0.250865,0.575828,-0.193161,-1.151507,0.290824
2019-07-08,0.646492,-0.764031,-0.777628,-0.496093,0.574954,-0.434074,2.273732,0.003186,-0.578392,0.931994,-1.673519,-0.800049
2019-07-15,0.077076,0.596556,0.639257,0.112608,1.259238,-0.808414,-1.197567,1.042679,-0.331042,-1.163559,-0.877487,0.966290
2019-07-22,-1.484325,-0.435013,0.007312,-0.253744,0.107175,0.197599,2.090280,0.836654,0.035066,-2.176523,1.935695,-0.398583
2019-07-29,0.421080,-0.227573,-1.915197,-1.255525,-1.070856,0.226264,-0.869172,0.696996,0.192452,-1.075577,0.936747,-0.065379
2019-08-05,-0.637156,-0.246065,-1.275973,-0.821010,-1.272376,-0.515347,0.803467,-0.361139,0.692600,-1.094922,-0.015969,1.184771
2019-08-12,0.147424,-0.035484,-0.072000,-0.961324,0.616214,1.044521,-0.837467,-0.334940,3.199320,-1.484886,0.106316,0.881125
2019-08-19,0.161468,0.380352,0.194106,0.412184,0.398234,0.534594,-0.071382,1.372619,2.091226,0.164602,0.461954,0.304178
2019-08-26,-0.875384,-0.741540,-1.971989,-1.593934,-0.284041,-0.154308,-0.364593,0.159271,0.967575,0.979369,-1.067987,-0.629555
2019-09-02,-0.568248,0.466194,-2.672869,-2.089936,-1.761238,-0.171689,0.677763,-0.327179,1.226849,-0.384587,-1.425467,-2.283435
2019-09-09,-2.698150,-1.790885,0.216352,-1.425325,-1.241421,-0.599306,-1.527115,-2.716200,-0.029678,-0.023041,0.439894,-2.041414
2019-09-16,-0.898782,-0.343867,-0.821383,-0.715671,-0.691409,1.101097,-0.093026,-0.121246,0.368994,-0.719814,-0.765114,-0.838394
2019-09-23,0.890989,0.083569,1.258628,-0.396811,-2.357452,-0.284586,0.433152,-0.319801,-1.160980,0.170699,-0.149089,-1.058451
2019-09-30,0.044624,2.247440,1.802214,-0.425334,-0.103799,1.359559,-0.675179,-0.181899,-1.264066,-0.659227,0.900210,-0.387465
2019-10-07,0.617653,0.096183,-0.712252,0.680719,0.911910,0.260943,1.298228,0.094451,-0.396417,-0.315275,-0.072379,0.786467
2019-10-14,-0.065530,-0.310311,0.370868,-0.022958,-1.672405,-1.619426,0.999734,-0.890481,-0.461078,2.641275,0.951181,0.564501
2019-10-21,0.437787,-0.568410,-0.697576,-0.538647,-2.075594,0.671090,-0.966855,-1.340614,0.659410,0.803411,0.471935,1.479206
2019-10-28,1.362942,-0.998669,-0.274749,0.364575,0.530906,-1.146319,-1.366473,-1.007457,-3.151921,1.811527,-1.146239,0.606409
2019-11-04,-0.258837,-0.221447,0.168180,-0.657128,1.417104,-1.036509,1.004843,1.974459,-0.733975,-1.363852,-0.639460,1.128993
2019-11-11,0.455415,-0.663245,1.038113,-0.638941,-0.910973,0.347579,0.290615,-0.094807,-0.610382,-1.951526,1.019414,-2.120674
2019-11-18,-0.212193,-0.364201,-1.221928,-0.903737,-0.140282,0.262192,-1.007410,-0.225864,0.332722,0.081109,0.379670,-0.244581
2019-11-25,0.251676,1.820647,1.426280,0.491776,-1.760672,-0.197359,-1.549328,-0.093660,1.000485,-0.084449,-0.523298,-1.120546
2019-12-02,-1.064914,-0.070181,0.043813,-0.414030,-0.006895,-0.294631,-0.936965,0.130529,0.448304,-0.088004,-1.411774,-1.421345
2019-12-09,0.725530,-0.757171,0.266705,0.331991,-0.715938,-1.643781,0.272596,-0.204351,-0.913621,0.031825,-2.496322,-0.859114
2019-12-16,-0.622534,1.100866,1.908146,0.269650,-0.460025,-0.862165,0.101583,0.345666,-1.113762,-0.158347,-1.620726,0.617382
2019-12-23,-0.882429,-0.408207,-1.375319,-1.414701,-0.466837,-0.469533,-0.011017,-0.989404,-0.036999,1.755973,-0.374756,-0.897738
2019-12-30,-0.644192,0.226787,0.785730,-1.308691,-0.098781,-0.262830,-0.173139,0.543518,-0.729057,0.597167,0.432945,0.887695
2020-01-06,-1.141804,-0.753197,0.427103,0.465420,0.578437,0.120497,0.883512,0.212026,-0.470764,-0.142687,-1.701329,-2.078620
2020-01-13,-2.957647,-1.885245,-0.757650,-1.017186,-0.739730,-1.197807,0.049853,0.288978,0.343621,0.145316,-0.055770,-1.467536
2020-01-20,-0.532532,-0.720092,-1.428871,-0.059649,-0.962831,0.350449,-0.135201,-0.544285,0.282246,-0.382555,-0.906417,-1.579743
2020-01-27,-0.250614,-1.854883,-1.611782,-1.464775,-1.498087,-0.636635,-1.231887,-0.796245,-0.412670,-0.805767,-0.417382,-0.846933
2020-02-03,0.295935,-0.282827,-0.108113,1.080169,-2.410155,-1.950418,-2.161597,0.274428,-0.712202,-0.317921,-1.156162,-0.494755
2020-02-10,-0.967666,-0.468962,-0.833663,0.672725,0.133557,-0.863871,-1.337584,0.194867,-0.089919,-2.062185,1.712000,0.296259
2020-02-17,2.149817,0.887454,0.059773,0.946354,-1.476004,-1.512682,-0.037352,0.932245,0.190474,-0.573266,-0.074708,1.240669
2020-02-24,0.572683,1.002389,0.486962,2.216881,1.849753,-0.992656,0.805003,-0.020732,-0.823283,0.313711,2.009608,2.200404
2020-03-02,-0.036390,1.234672,0.896238,1.163308,0.121628,0.145183,-1.764322,0.253244,0.178880,-0.443952,0.979784,3.209017
2020-03-09,1.604530,1.202000,1.495161,1.303215,-0.985915,-1.042668,-0.799189,-0.312725,-1.521392,0.475989,0.293576,0.237900
2020-03-16,-1.329730,-0.032289,-0.130365,0.047478,1.941875,1.287464,0.920627,-1.392179,0.298144,0.764417,-0.889794,1.174695
2020-03-23,-0.965692,0.547271,-1.014269,-0.188906,-0.504469,-0.550586,-0.991327,1.833112,-1.726387,1.082116,-0.043626,-0.175771
2020-03-30,0.339465,2.704000,1.929925,1.749808,0.120628,0.116781,1.727320,2.128714,-2.236206,-0.049517,-2.134981,-2.192251
2020-04-06,0.369077,-0.086745,1.234748,1.194632,-0.880874,-1.774654,-0.158117,1.052345,1.112444,-0.140443,1.949022,2.025736
2020-04-13,1.746768,1.075735,2.364708,0.625695,0.587314,-0.105731,0.761044,-1.163273,-0.820029,1.051653,-0.237886,0.293311
2020-04-20,0.949760,1.098554,2.496030,1.202497,0.910523,-0.851533,1.957756,1.353818,1.591552,-1.655143,0.446361,0.609548
2020-04-27,-2.490766,-0.914267,0.394254,0.170662,1.294076,1.341947,0.952868,1.567060,0.146303,1.763482,-0.496179,1.403704
2020-05-04,-0.402675,0.059304,-2.098983,-0.636276,0.856918,2.725317,1.413343,2.095159,-1.123333,0.960102,0.191502,0.644582
2020-05-11,0.153037,-0.732282,-1.368360,-2.119431,0.794345,1.898827,2.300496,0.478550,0.037138,-0.180543,1.896963,0.257966
2020-05-18,0.377397,0.081968,0.120284,-3.332137,-0.976683,0.721770,0.908758,0.558017,-0.775925,-0.075913,-2.903153,-0.078048
2020-05-25,-0.546035,0.506176,0.152801,0.458455,1.765113,-0.088092,1.595266,1.657982,-0.676811,1.582270,-0.383742,0.939260
2020-06-01,-0.547620,-0.046646,0.532181,-1.138763,-0.648504,0.167951,1.396266,0.586751,-0.806796,0.036841,-0.565627,-0.356436
2020-06-08,-1.595257,-0.936173,0.011811,-0.940115,0.555143,1.089743,-0.688125,-0.100500,-0.931113,1.227691,0.438880,-0.978942
2020-06-15,-0.155567,-0.764144,-1.447235,-2.331478,-1.805407,0.043956,-0.706437,-0.694645,0.201353,-0.494781,0.363787,-1.002882
2020-06-22,-0.909257,-0.590947,-0.237842,-1.277672,0.601985,-0.284870,-0.354961,-1.807904,0.954008,-1.363494,-1.277267,0.946604
2020-06-29,-0.462599,0.510064,-0.977527,-0.182638,-0.743698,-1.287385,1.133130,0.199064,-0.871594,-0.959333,-0.460663,0.003858
2020-07-06,-1.189520,-1.891331,-1.405181,-0.977539,-2.079741,-1.742374,-0.351746,0.242616,2.443381,-1.308398,-0.377126,-2.376971
2020-07-13,-1.739545,-1.997148,-2.282226,-0.591210,-0.224848,-1.309335,-1.224441,0.419549,0.593628,0.391459,1.250235,-1.545770
2020-07-20,0.300708,-0.838675,-1.441614,-1.758933,-0.416856,-1.445005,1.993411,0.322388,0.232194,0.049867,0.728200,-0.166586
2020-07-27,1.020477,1.864857,-0.800577,1.807749,0.017037,1.687013,1.359237,-0.701129,0.955564,-2.100701,2.160157,-1.125495
2020-08-03,0.979468,0.880689,0.690452,-0.715827,1.419609,3.222565,0.911736,1.508548,0.787847,0.989899,0.555559,-0.383728
2020-08-10,0.289489,0.992186,1.465313,1.700725,2.105271,1.586737,-0.267681,-0.604110,0.129785,0.597809,0.502633,0.141378
2020-08-17,0.163323,0.390885,4.632686,2.097302,-0.495384,1.155559,-0.980524,-0.360278,0.784755,0.217927,-0.389130,1.585946
2020-08-24,-0.301382,-1.408519,-0.308340,-0.208628,0.099448,-0.616896,-1.040181,1.168855,-0.169604,0.650680,-0.421560,-0.338809
2020-08-31,0.092072,-1.506567,-0.978229,0.437790,0.595157,-0.917126,-0.557921,-0.521569,0.412963,0.170744,0.111421,3.178795
2020-09-07,1.000607,0.147720,0.839902,-0.260567,1.202501,1.364913,0.106315,1.635049,0.731608,-1.208643,0.170196,1.576465
2020-09-14,0.426020,0.371336,0.059492,0.357695,2.676931,2.879257,2.705105,0.487872,1.511362,-0.863266,0.635069,0.286566
2020-09-21,0.297365,1.371027,0.726517,1.859781,-0.940774,0.752717,0.767843,0.862564,1.465465,0.078374,-0.087382,-0.374134
2020-09-28,-0.989989,-1.162969,-0.948731,0.311254,-0.457063,-2.108656,-2.547104,-0.713359,1.464329,0.088202,0.307082,0.258674
2020-10-05,1.310100,0.184717,0.825843,0.582551,-1.537699,1.423851,-0.813457,0.632813,-0.734657,0.317990,-0.560165,-0.312150
2020-10-12,0.509050,-0.724332,2.804550,0.592923,0.683126,0.919543,-0.116090,0.441641,0.812932,0.360018,-0.081211,-0.262696
2020-10-19,0.650853,0.585459,1.015251,2.819856,2.513915,0.514348,1.034728,1.656687,-1.533396,1.895942,0.255149,0.242970
2020-10-26,-0.887988,0.001432,0.028437,0.163828,-2.061699,-1.042298,-0.984798,-2.310570,-0.553526,-0.507480,0.127898,0.083446
2020-11-02,1.101119,1.534448,1.506451,0.110763,-0.177597,-1.512137,-1.520738,-1.211153,-1.085115,-0.855343,-1.011413,-0.628821
2020-11-09,0.167753,-0.650168,0.814560,0.203168,1.177788,0.005887,1.012179,0.860816,0.893146,-0.345098,-0.780089,-0.263567
2020-11-16,0.177930,0.137500,0.272802,0.085827,0.222480,0.629972,-0.323947,-0.004581,-0.556332,0.761413,0.194036,-0.244047
2020-11-23,-0.344742,0.638032,1.027892,0.348675,-0.392899,-0.272673,1.406375,1.499591,-0.338026,0.270591,-0.468386,-0.764910
2020-11-30,-0.467180,0.275491,1.144221,0.738132,0.219859,0.356145,-0.466484,-1.017595,-0.977583,0.918961,0.300409,-0.055190
2020-12-07,0.113499,-1.014373,0.262863,0.549213,-0.144927,-0.604725,-1.423064,-0.997699,0.362235,0.784580,0.799039,1.956185
2020-12-14,0.952274,-0.032873,-1.970158,1.169368,0.496466,-1.647599,-1.533393,-2.028303,0.524018,0.512264,-0.815438,1.438094
2020-12-21,-0.008005,-0.449969,0.729067,0.264137,0.462542,1.089846,0.161815,-0.155780,-2.208585,1.262684,-2.331522,-0.530317
2020-12-28,0.158404,-0.945590,-2.087260,0.213858,-0.094403,-0.957475,-1.122070,-0.068954,-1.707615,-0.744068,0.036283,0.127419
2021-01-04,-1.326172,-0.366101,-0.012924,0.266797,0.962391,-0.975238,-0.914426,-0.959099,-1.459470,0.744018,0.839011,-1.530014
2021-01-11,0.489681,0.994066,-0.088704,-0.245038,0.649496,0.865608,-0.726260,-0.131453,-0.609397,0.421386,-0.217826,-1.204043
2021-01-18,0.147147,-1.118059,1.086264,1.682275,0.009045,-0.591006,-0.641239,0.683290,2.912188,-0.587835,1.021170,0.510369
2021-01-25,-0.155608,0.821300,0.757805,0.910919,-0.149185,-0.992273,0.150485,-1.637949,-0.350800,-0.205546,0.355977,0.360392
2021-02-01,1.001846,0.588811,0.169632,-0.771870,0.501099,-2.072861,0.595880,-1.350866,-1.150960,-0.471679,0.487765,-0.662813
2021-02-08,0.909811,0.710446,-0.267942,0.876816,1.032779,-0.272720,0.367364,-0.538129,1.090454,-1.105276,1.690596,1.426750
2021-02-15,0.273599,0.759868,0.429770,0.617209,1.219673,0.213892,0.677579,-1.526417,-1.620774,0.711117,-0.921500,0.365704
2021-02-22,-0.521970,0.086874,1.223779,-0.541895,0.009212,-0.981197,-0.519881,0.039221,-0.035708,-0.201017,-0.699103,-0.712229
2021-03-01,-0.485361,0.584476,1.229795,-0.462806,0.758120,0.454605,0.658269,0.951351,0.907628,0.394664,-0.219307,-0.462868
2021-03-08,-0.814224,0.189930,-1.050873,0.516525,0.128320,0.068169,1.469546,0.686489,0.500631,0.244527,0.141404,-0.098508
2021-03-15,-0.441929,-0.702972,-0.301553,0.580144,0.882722,-0.182664,-0.024843,-0.983466,-0.258320,2.036559,-0.912873,-0.715490
2021-03-22,1.834709,-0.539687,-1.658355,1.662099,1.283939,0.894819,-0.780857,-0.180008,-0.907550,0.613020,-0.445178,0.516637
2021-03-29,1.311109,2.027455,1.773108,2.808590,-0.505983,0.258726,0.380230,0.170515,1.616000,0.345757,0.710035,-0.346678
2021-04-05,0.108094,-0.833897,-0.394548,0.166549,0.431257,-2.398345,0.673865,-2.370271,-0.055468,0.800817,0.046706,0.679239
2021-04-12,0.432046,0.048442,-1.555952,-1.392938,1.709841,-0.056198,0.605627,0.145845,0.035176,-0.236821,0.705653,-1.084267
2021-04-19,0.115543,0.848880,-0.647349,0.060163,0.609001,-0.613947,1.085497,0.228597,1.068505,-2.018437,-1.959688,-0.140271
2021-04-26,1.072779,-0.067553,1.267534,0.468656,1.065700,-0.603807,1.578498,-0.920646,1.095495,-0.715208,-1.275183,0.157586
2021-05-03,-0.339951,-0.108316,0.814759,1.406277,1.115348,-0.040506,-0.937413,-0.425853,1.966475,-2.684182,-0.483038,-0.688432
2021-05-10,-0.098489,0.117337,-0.049829,0.349737,0.443126,1.268974,0.038471,1.188856,-1.413115,2.673537,0.972060,0.126030
2021-05-17,0.843447,-1.305300,-0.883165,0.100718,0.841011,3.123142,2.950899,0.698066,-0.075025,-0.754728,0.864106,0.247407
2021-05-24,0.908307,0.595654,-0.482469,0.624029,0.483667,1.345862,0.699250,0.948214,1.407413,-1.328720,0.855503,0.718214
2021-05-31,0.876674,1.127929,-0.034910,1.588430,0.148627,0.176725,-0.922950,-1.547701,0.677543,0.689865,-1.275037,-1.814369
2021-06-07,0.631756,0.459923,1.051873,0.812309,-0.412339,-3.679560,-1.681531,-3.558609,-0.697697,1.137335,-0.875264,-1.643336
2021-06-14,-1.525928,-0.194429,-1.147824,0.718549,-0.594427,-1.097305,-0.619158,-2.691516,-1.381251,0.279193,1.202338,-0.090623
2021-06-21,-0.812862,-1.790826,-0.756105,-1.518531,-2.192953,-0.223325,-1.384834,-1.163857,0.540916,-1.347629,0.042544,0.764961
2021-06-28,-0.341012,-1.860739,-1.001635,-1.353415,-0.054221,-0.844511,-0.404268,-1.121822,0.716660,-1.060254,-1.684773,-2.478739
2021-07-05,0.020882,-0.304505,-0.849938,-0.107981,-0.467742,-0.825819,1.059266,-0.891618,-0.209132,-0.507950,-0.503866,-1.564501
2021-07-12,0.943804,-0.431152,-0.313899,-0.529733,1.210298,0.421164,0.508293,-0.727699,-0.542511,-0.213067,-0.643319,1.058102
2021-07-19,1.000983,0.628151,0.076289,-0.593582,1.724974,1.570777,1.450426,-0.086964,-0.047600,-0.243795,1.585446,-0.012046
2021-07-26,0.038646,-0.479467,2.078764,0.516385,1.281284,-0.255870,0.958796,0.348767,-0.403010,0.333847,1.799902,1.779899
2021-08-02,0.817793,0.897817,-0.731145,-0.838539,-0.492048,0.361793,-0.399366,0.143983,-0.654821,1.094208,1.165647,1.388157
2021-08-09,-0.292210,-0.688163,-0.947860,-0.429079,0.412275,1.459430,0.979321,-0.949905,-0.700096,-0.231895,0.303809,2.837963
2021-08-16,0.199919,-0.031324,-0.876795,-0.346253,1.546765,2.518098,0.990912,-0.145223,1.111340,-0.749737,-0.859851,-0.225822
2021-08-23,0.832605,1.425316,-0.711346,-1.167322,0.243526,0.293573,0.162700,-0.731943,0.950915,-0.468099,1.358039,-0.761523
2021-08-30,0.786653,-0.882287,1.186014,-0.137697,-1.377686,-0.228859,-0.566030,-0.530205,1.171622,-1.900285,0.654248,2.378654
2021-09-06,0.147545,1.029060,-0.186785,0.909607,0.061768,1.067058,0.266667,-0.773363,-0.744991,0.948538,1.507622,2.768835
2021-09-13,-0.040311,-1.056217,-0.530236,0.775828,-0.238021,1.695750,0.984630,0.273847,1.370008,-0.039614,2.066797,1.882816
2021-09-20,2.430706,0.511710,-0.008650,0.019351,2.133836,-0.740460,0.847249,0.195364,0.068691,-1.184722,-0.538617,0.555272
2021-09-27,-0.884567,0.460573,0.631245,-0.498512,1.730607,0.500334,0.582455,-0.396432,0.280207,-0.631574,0.854290,3.340885
2021-10-04,0.736523,0.038597,-0.298619,0.419888,1.168394,1.233313,0.351808,0.383290,-0.975542,0.572426,0.919312,0.456871
2021-10-11,0.394848,-0.107718,-0.769690,-0.612298,1.652498,2.149538,1.874210,2.551600,-0.192198,-0.812483,-0.046350,-0.264130
2021-10-18,-0.293764,0.725357,0.177024,0.354907,2.531205,2.413229,0.591447,0.616656,1.740644,-2.625307,0.788307,0.456469
2021-10-25,-2.012120,-0.894740,-0.084628,-0.536974,0.544327,1.152488,0.098297,2.141859,2.118525,0.891465,0.452520,-0.524201
2021-11-01,-0.806585,-1.601088,-3.782795,-1.717157,-1.327662,0.540466,0.936514,-1.312556,-0.176101,0.428601,0.841651,-0.840111
2021-11-08,-2.289651,-0.588220,-1.001054,-1.763061,-1.092976,-1.918335,-0.631590,-1.319237,0.437101,-0.375749,-1.222768,-1.008078
2021-11-15,-1.580423,-0.664476,-0.829832,-2.235566,-1.408763,-2.245708,-0.429054,-0.399061,-0.151888,-1.282749,-1.546920,-2.317726
2021-11-22,-0.201788,-0.405085,-0.148572,0.037664,-1.559444,-1.841587,0.318444,-0.181487,0.266401,0.147444,-1.234785,-1.949355
2021-11-29,-0.453702,0.607260,0.614509,0.823987,-0.727265,-0.805192,-0.161297,-0.749484,0.925796,-0.406836,-1.111004,-1.909643
2021-12-06,-0.797047,-0.241419,-0.296708,0.653033,0.255486,0.884984,-0.230439,-0.736116,-0.750907,0.290428,1.634353,1.274003
2021-12-13,-0.559225,0.363417,-1.428274,-1.425934,-0.140734,1.183748,-0.587280,-0.873199,1.954614,-1.670471,-0.644759,0.842009
2021-12-20,-1.703546,0.119250,-1.447658,-0.007726,-1.579779,0.563154,0.653393,-0.799980,0.057417,0.093342,-0.697088,-2.142651
2021-12-27,-0.216825,-1.625878,-1.883716,-1.173981,-1.015294,-0.427986,-1.490707,-1.411154,-0.584700,0.169240,0.317161,-1.430135
2022-01-03,0.042823,-1.021765,-0.847425,-0.467334,-1.837233,-0.952242,-0.929966,0.560602,1.490294,-1.542957,0.279396,0.276158
2022-01-10,-0.285770,-0.518838,-1.167986,1.617878,0.927891,0.781848,1.155140,1.369208,-2.242272,0.189555,-0.020772,-0.628348
2022-01-17,-0.755470,-1.949418,-1.285560,-0.819451,0.667681,-0.273434,1.036838,0.922853,-0.712987,-0.949603,-2.347508,-1.665498
2022-01-24,0.015002,-1.712456,-0.393362,0.549736,0.401905,0.793924,1.758716,1.550565,-0.556304,-0.469226,-1.223512,-1.201181
2022-01-31,1.361560,-0.141298,-0.710954,0.036917,0.858367,-0.313737,0.424231,0.635477,-0.923015,0.680743,-0.688864,0.292337
2022-02-07,0.362026,-0.758766,-0.693443,-1.043726,-0.146639,0.255705,-1.290222,-1.046176,0.598251,1.239283,1.262496,-0.462646
2022-02-14,0.380751,-0.087093,0.499763,-1.775729,1.480833,2.016521,-1.511432,0.320100,-0.460580,-0.113468,-0.971979,1.008596
2022-02-21,-1.573263,0.931891,0.462990,1.389720,-1.473106,1.211079,1.722086,0.185485,-0.701445,-0.922869,1.084878,0.400144
2022-02-28,0.533061,0.257269,-0.477256,-1.331772,-0.120569,1.701325,-1.060682,0.210375,0.066984,0.319508,-0.912098,-1.108091
2022-03-07,2.381009,2.172377,0.588814,1.119255,1.356101,0.195323,1.557162,0.999692,-0.853840,0.425667,-0.282559,-0.328506
2022-03-14,2.176634,0.942492,1.979180,1.079174,2.404421,3.130176,1.627659,0.512475,-0.445891,-0.592777,0.853774,0.377929
2022-03-21,0.856208,2.095306,0.331770,2.579894,-0.974795,1.546377,1.343493,-0.801188,-0.932058,-0.481991,2.707876,2.136576
2022-03-28,1.443452,2.254903,1.323341,2.915681,0.230768,0.096607,-1.238614,-0.970921,0.342712,0.696116,1.642105,-0.408473
2022-04-04,-0.815733,-0.401842,0.657171,0.971693,1.207450,-0.186286,0.301895,-0.339544,1.052416,-0.422132,0.419022,1.010008
2022-04-11,0.036601,-0.470767,1.954584,0.639555,-0.732692,0.852893,-0.438006,-0.025211,-0.924553,2.031890,0.346684,-1.953464
2022-04-18,-0.660569,-0.512192,1.069686,0.751199,0.332817,0.990631,-0.617358,-1.071826,-0.427477,0.904733,-1.067251,0.075772
2022-04-25,-0.954153,0.601663,1.100968,1.803966,-1.098236,0.471359,1.034858,-0.573637,-2.468322,0.971259,-0.266973,0.292314
2022-05-02,1.689746,-0.240784,1.166180,0.133494,0.845987,0.177432,-0.903915,-0.430049,-0.222347,-0.924364,2.714516,-0.277050
2022-05-09,2.339609,1.183683,1.419826,0.994305,2.412378,2.466579,1.579614,0.378767,-0.769782,1.229322,-0.425213,-0.682425
2022-05-16,0.805598,0.954046,2.923701,2.503536,0.906537,1.286849,-0.719710,0.070662,-0.443456,0.469647,-0.450969,-0.475945
2022-05-23,1.031817,1.506452,1.138549,0.660112,-0.747386,0.117765,-0.965735,-0.473244,-0.419341,-0.175245,-0.507351,0.323462
2022-05-30,-0.346696,0.911897,0.128502,0.571694,-1.124363,0.735549,-0.655564,-0.403608,-0.139653,0.065997,-0.756311,0.732959
2022-06-06,-1.639893,0.761100,0.015074,0.041520,-0.683289,-0.715207,-0.658168,-0.736735,0.368177,-1.935744,0.380296,0.000947
2022-06-13,-2.971991,-1.952639,-1.591512,-0.909283,-0.788568,1.381056,1.306069,0.256345,-0.159968,-0.458576,0.329821,0.725903
2022-06-20,-1.322276,-1.546896,-1.379938,-1.474846,-0.760758,0.094800,0.275573,1.202323,-0.794394,-0.160548,-1.077947,-1.461700
2022-06-27,0.412011,-1.151592,-1.069106,-0.495941,-0.452315,0.470801,0.895526,-1.529110,-1.132255,0.803710,-0.260966,-0.498950
2022-07-04,-0.189468,-0.945845,-0.074345,0.046318,-2.468765,-0.517098,-0.950300,0.547942,-1.111631,-0.368204,0.146948,-0.483439
2022-07-11,0.056598,-0.464670,-2.015077,0.640598,0.234848,-0.194074,0.251835,-0.026715,0.314860,-0.391128,-0.381711,-0.673892
2022-07-18,0.992801,-0.121478,-0.479938,0.435224,1.172874,0.109824,-0.625501,-0.472701,-1.081354,2.921451,-0.930371,-0.382092
2022-07-25,0.306823,0.524293,1.657149,-0.231498,2.977917,0.355254,1.289598,0.633939,-0.152047,0.831287,0.549921,-0.458767
2022-08-01,1.376161,-0.256809,-0.413089,0.324951,0.446232,1.542177,3.051392,1.194634,-0.234188,-0.440079,-0.681339,0.059924
2022-08-08,-0.727703,0.851921,1.679910,1.221523,2.338822,2.559740,2.865438,1.162316,-0.880486,-1.386610,2.079834,0.518150
2022-08-15,-0.453637,0.241529,-0.996378,0.456750,0.954285,3.750539,1.626214,0.512419,-2.488087,0.689517,-0.750436,-1.341489
2022-08-22,-2.062080,-1.822045,-2.489512,-1.689550,-1.253649,-0.436300,1.874752,-1.472390,0.649350,-1.446618,-0.914590,0.275817
2022-08-29,-0.831468,-1.005024,-1.052406,-3.148623,1.539965,0.996167,1.822360,-0.301357,1.219989,-2.090843,0.600623,-0.477558
2022-09-05,-1.856859,-0.669066,-1.447317,0.004150,0.924587,-0.006735,-0.746078,0.405541,1.051495,-1.337051,0.831391,-0.605750
2022-09-12,-1.138427,-0.526737,-1.773844,-0.130887,0.527784,-1.022176,-0.335486,-0.209592,0.537679,-1.149955,0.294182,0.120484
2022-09-19,-0.536630,-0.348196,0.481431,0.046717,-0.479298,0.546477,-0.838530,0.065637,-0.780646,1.153893,-1.921347,-2.216404
2022-09-26,-0.164886,0.033670,-1.510564,-0.799000,-2.461274,-1.106288,-0.733219,0.505486,0.435415,0.448537,-0.269730,-0.506713
2022-10-03,-1.450075,-1.621153,-2.113392,-2.033751,1.008787,0.094839,-0.191371,0.532784,0.328878,0.157958,2.022597,0.183372
2022-10-10,1.793458,0.194986,-0.105523,-0.926812,0.498513,1.350785,-0.592055,0.636307,0.091286,0.649533,-0.292151,0.095415
2022-10-17,1.677682,0.779532,1.735647,0.757917,1.488288,-0.361464,-1.178830,0.273661,2.132850,-1.664500,1.348331,0.650106
2022-10-24,0.681120,0.400328,1.995979,3.527180,0.967977,3.141605,2.034489,3.077096,-0.244493,0.459167,-0.189641,1.852448
2022-10-31,0.413629,-0.437852,0.365790,0.994792,1.226817,-0.267926,-0.312831,0.163352,-1.599778,-0.444264,1.244602,1.688447
2022-11-07,-0.211675,-0.451493,1.199129,-0.219373,-1.096582,0.787042,-0.061951,-0.301627,0.995163,-0.983410,0.808692,0.977467
2022-11-14,0.226591,0.518808,0.841292,-0.170608,-0.574822,0.573340,-0.000940,1.361544,-0.510132,1.053697,-0.855179,-0.089395
2022-11-21,-0.940283,-1.538129,-0.340563,0.781200,-0.853623,-0.520210,-0.385057,1.296956,-1.491715,0.758011,0.396512,-3.011798
2022-11-28,1.240419,-0.421526,0.264241,-0.600808,-1.292403,-2.223980,-0.430004,-0.610281,-0.712194,0.081715,-0.895829,-0.456050
2022-12-05,0.901923,0.478262,0.920159,1.427184,-1.838161,-0.914872,-0.200927,-1.596041,-0.276483,1.313916,0.145525,0.368419
2022-12-12,-0.671904,2.106929,1.334515,0.230817,1.459040,-0.210581,-1.679414,1.741338,-1.782805,0.206049,2.305865,0.723319
2022-12-19,-0.668734,0.730099,1.084104,0.827946,-0.327089,0.584773,0.019702,-0.280991,-0.585716,-0.770482,0.103567,0.736543
2022-12-26,-0.518268,-0.446717,-0.331355,0.468709,0.462446,-0.075279,0.538080,-1.140217,-0.547701,-0.236913,-0.350286,1.064264
2023-01-02,-0.732139,-1.803980,0.353960,0.228727,0.762182,1.117419,-0.478160,0.569471,1.201192,0.505191,-0.230886,-0.253964
2023-01-09,0.033940,-1.374980,-1.074488,-0.571986,-0.395863,0.868087,0.215665,0.899236,0.404979,1.029587,-0.058235,2.104371
2023-01-16,0.172811,0.852014,0.190253,-1.055579,0.224566,-0.731438,-0.332984,-0.564203,0.343842,-0.639890,1.042676,1.484061
2023-01-23,-0.861536,0.077146,-0.248915,-1.441398,0.279076,-0.780659,-1.746108,-0.886467,-0.026734,0.405645,-0.265092,-1.951878
2023-01-30,-0.700376,-0.687207,0.802898,-0.699254,-0.056117,0.785215,-0.042151,0.735128,0.878754,-0.752337,-1.200583,-1.525558
2023-02-06,1.321019,1.584154,1.377570,0.391541,-1.511983,-1.704461,0.776592,-0.164498,-1.679396,0.740081,-1.752941,-0.455979
2023-02-13,-0.586370,0.103385,0.517405,-1.684386,-0.393361,0.391158,2.589779,0.713613,-0.824617,-0.727821,-0.195545,-0.266372
2023-02-20,0.281588,-0.650518,1.001501,-0.275354,0.471594,0.147830,0.913940,1.170042,-0.102801,1.006660,0.136892,0.394568
2023-02-27,1.136210,-0.878343,1.249281,1.737592,-0.965152,-0.204278,0.801570,1.357187,-0.121650,-1.021974,-0.021769,1.928299
2023-03-06,-0.191344,1.280009,0.993701,1.020788,0.497235,0.528706,1.207015,0.478537,1.370456,-0.682520,-0.053932,0.241207
2023-03-13,-1.265808,-0.282055,-0.351167,-0.213795,0.221537,0.131553,-0.714196,-1.706597,0.180757,0.500462,1.171654,-1.530616
2023-03-20,0.017254,-0.321960,0.084405,-1.333669,-2.672151,0.216310,-0.362446,0.853558,0.044775,-1.661320,-0.030594,0.563626
2023-03-27,-0.191373,0.690865,0.313984,0.164669,0.564851,0.778656,0.608969,-0.523907,1.035508,-0.187186,0.716618,1.354209
2023-04-03,0.313311,-0.099830,-0.898216,0.167418,-0.434548,-0.202132,-0.272081,-1.503451,-2.478535,2.723067,1.009197,0.485846
2023-04-10,0.928974,1.797763,2.559118,1.214484,-0.749920,-0.461513,-1.001165,0.050471,0.975445,-0.094554,0.741028,-0.689470
2023-04-17,-0.049473,1.612212,0.161956,0.719770,1.175952,-1.094775,-1.846049,-0.498308,0.699283,0.210281,0.364569,-1.163452
2023-04-24,0.886852,0.240774,-0.478844,1.446255,-1.050786,-0.170789,0.445891,1.433834,-1.222475,0.550696,0.497655,0.679907
2023-05-01,-0.655584,0.647094,-0.317821,-0.034079,-0.962240,-0.989644,-1.479267,-1.484046,0.946392,0.351400,-0.181804,-0.502002
2023-05-08,0.105219,-1.343776,0.558129,-0.616250,-2.090204,-1.182355,-0.971236,-0.664982,1.029871,-0.345170,0.749819,0.595301
2023-05-15,1.187997,-0.601382,0.304264,-0.588415,-1.406242,-1.712364,-2.533822,-1.611961,-0.066019,0.035393,0.924742,0.743573
2023-05-22,1.232777,-0.225383,-0.020077,1.767966,-0.426674,0.258469,-1.369817,0.150910,2.019940,-3.103756,0.711277,1.522161
2023-05-29,1.417008,1.101593,0.302735,2.085485,-0.322721,-1.261467,-0.162664,-0.569139,0.888795,-0.629950,2.384988,0.477579
2023-06-05,1.509579,3.502534,2.743456,1.550614,0.716873,-1.795024,-1.891983,-0.625086,1.669568,-0.810661,-0.055779,0.525269
2023-06-12,-2.208973,2.220521,0.652234,0.765241,0.725010,-0.612820,0.097707,-1.345956,1.209513,-0.631435,-0.297037,0.737953
2023-06-19,-0.608901,-0.655980,-1.430443,0.794471,-0.783764,-1.011231,-0.600201,-1.296742,0.843971,-0.880482,0.210730,-1.175738
2023-06-26,0.063302,-1.177721,-1.845579,1.190780,0.728214,-0.670590,-1.759723,0.265600,-0.901132,0.160526,0.960658,-0.572544
2023-07-03,-1.806592,-1.239250,-1.439094,-1.323540,-0.486589,0.722261,0.885596,1.082860,-3.400776,1.916979,0.628791,-0.421441
2023-07-10,-0.188983,0.344446,-1.847511,-0.100392,-2.212644,-0.852759,-0.673653,0.502239,-0.057569,0.032366,-0.796301,-0.779040
2023-07-17,1.857095,0.340389,1.424691,1.215314,-0.674498,-1.067726,-0.883455,-1.169717,-1.356633,-0.513266,0.455909,-1.375381
2023-07-24,0.704430,1.461952,1.051560,3.172297,0.278448,-1.386978,0.257918,-1.050869,-1.266125,0.051299,0.426053,-0.284291
2023-07-31,0.809955,1.748540,0.568014,1.537934,1.065334,-0.453894,1.006185,0.193533,-0.986230,-0.368074,-1.658922,-1.218206
2023-08-07,-0.454682,-2.131347,0.513193,-0.745285,0.510561,1.310798,1.750713,1.036181,-0.503926,-0.818892,-0.013549,-0.566750
2023-08-14,-0.404942,-0.846573,-0.746274,0.670858,0.450188,0.016345,-0.657727,-1.406987,0.552045,-1.973374,0.952291,1.501055
2023-08-21,-1.732996,-2.298463,-0.255338,-0.578659,0.862406,-2.177440,-0.209090,-0.296896,0.519863,0.037500,-0.207969,0.997055
2023-08-28,-1.169823,-1.546078,-1.176479,-1.027882,-0.698085,-0.901211,0.595385,0.824801,0.824112,-0.373234,-1.368260,0.065038
2023-09-04,0.335236,-0.914415,-1.408335,-1.029687,0.879823,-0.028311,-0.011421,1.004210,0.372942,0.843427,-1.127630,-1.212920
2023-09-11,-0.733135,-1.002920,-0.736916,-0.467990,-0.083943,-0.013617,0.539098,-0.627907,-0.366520,0.642937,1.103645,2.062524
2023-09-18,1.732669,-0.250260,0.328066,-1.162252,-1.307553,0.278018,1.334027,-0.345289,-0.341953,0.544997,-0.019740,-1.977869
2023-09-25,-1.497582,0.390239,-0.894617,0.608582,2.170317,-0.278442,1.163260,-0.613544,0.053555,0.585098,0.593772,-0.267253
2023-10-02,0.387101,-0.208726,0.849902,0.726021,-1.356164,1.303014,-0.001764,-0.212967,-0.712579,2.219398,-0.736807,0.805333
2023-10-09,-0.234496,-0.926972,-1.626523,0.322705,-0.574651,-1.206804,-1.396754,-0.500769,-0.057269,0.784611,1.383267,2.825006
2023-10-16,0.288591,-1.102107,0.292421,-0.049713,0.282047,-1.484885,-0.861809,-1.868352,-0.473748,0.671786,-0.939745,-0.417114
2023-10-23,-0.519520,-0.601338,0.379312,0.146179,0.632552,1.837625,0.816861,0.242096,-1.402193,0.528706,-0.412836,0.318943
2023-10-30,0.538493,0.378548,0.716803,1.203006,-1.523650,-0.865792,-0.341968,-2.078157,0.381475,0.836258,-1.111021,0.719321
2023-11-06,-0.008157,0.818793,-0.881464,1.578794,1.216953,0.009932,-0.371533,-0.293986,0.785689,0.065486,0.819990,0.255977
2023-11-13,-0.195069,-1.286822,-1.087765,0.842990,1.597587,0.638656,1.359754,-0.085399,-1.673059,1.442340,1.185673,-1.022347
2023-11-20,-0.223416,-0.338317,-1.009742,0.517021,0.952448,-0.002463,0.740074,0.744217,-1.787030,2.481925,-1.428823,-1.941372
2023-11-27,-0.079750,-0.337091,1.520540,-0.008482,1.269428,1.720092,2.309674,1.550798,0.419480,-0.600992,-1.170147,-0.297110
2023-12-04,0.863510,0.148517,1.092439,0.826801,-0.819555,1.175506,0.032330,1.329180,1.292940,-1.736128,-0.298908,-0.344707
2023-12-11,0.157872,-0.634714,0.220605,1.050899,-0.387479,-0.997176,0.024636,-0.229980,0.492828,-1.949063,-0.572263,-0.179852
2023-12-18,0.827981,0.034931,0.130274,0.655193,-1.475297,-0.784055,0.014837,-0.891116,-0.799734,1.242090,2.359983,0.407273
2023-12-25,0.871712,1.739545,0.461472,0.223551,2.045794,0.485015,-0.697568,0.505028,0.892057,0.937891,-0.383759,0.253520
2024-01-01,0.549943,0.434525,1.729714,1.876466,-0.840105,-0.737502,-1.040417,-1.683488,-0.563465,0.700658,-0.740970,-1.182986
2024-01-08,0.459823,0.664642,1.246308,1.397767,0.754048,-0.469463,1.033770,1.212558,0.350319,-0.503118,-0.257117,-0.097982
2024-01-15,-0.974191,-0.085151,0.308682,-0.975097,0.322626,-0.514555,0.496357,0.476242,-0.235184,-1.623550,-0.147164,0.289406
2024-01-22,1.418441,0.938022,2.399971,2.014508,-0.699414,-0.183562,-0.470140,0.487814,0.091964,-0.314170,-0.068314,0.167089
2024-01-29,-0.974830,-0.446844,-0.623490,-0.593501,0.804877,-0.166900,0.659653,-0.198469,0.341711,-1.242775,-1.009702,0.602366
2024-02-05,0.148793,1.153675,-0.884983,0.204232,0.374617,-0.185150,-0.545393,0.394923,-0.112628,-0.086409,-1.042009,-0.627112
2024-02-12,-2.540066,-0.291406,-0.704454,0.654723,2.087817,0.713732,-0.351465,-0.641633,0.332804,-1.259784,1.098843,-0.980278
2024-02-19,2.046594,1.083719,-0.211682,-0.737390,0.469315,3.021496,2.020899,1.057264,-0.953002,0.090960,0.641510,-0.959585
2024-02-26,0.427552,1.577962,0.968663,0.928514,1.512024,1.579950,0.656787,0.618578,-0.174455,0.489820,2.620473,1.294108
2024-03-04,-0.204944,0.333052,0.000818,-0.806525,0.752140,1.164165,-0.306040,-0.021065,-0.301705,-0.424123,0.952545,1.312663
2024-03-11,1.568049,1.495684,0.530576,0.625656,0.445160,1.568477,0.412763,0.123751,0.219162,-0.898906,-0.211271,-0.154963
2024-03-18,1.751843,0.007420,0.834980,-0.829779,-1.433176,0.312530,-1.482394,-2.031637,0.342056,-0.716944,0.112394,-0.631142
2024-03-25,-0.440074,-0.853610,-0.993162,0.503632,1.091159,-0.625930,-1.536007,-1.721898,0.603918,-0.432785,2.061562,0.894696
2024-04-01,-0.295797,0.898795,-1.982026,0.228107,-0.565539,0.352139,-0.883455,-0.460353,-1.392141,1.628351,-1.349205,0.726834
2024-04-08,2.083462,0.464751,0.842473,-0.279880,-1.050726,1.409891,-0.032223,0.390140,1.006177,-1.752804,-0.919701,-0.999056
2024-04-15,-0.460181,0.547252,1.583548,0.544076,0.990960,-1.062659,-0.206396,1.229193,0.516880,0.601991,0.544650,-0.051471
2024-04-22,-0.764864,1.304992,1.286875,-0.634976,0.795183,2.256111,0.218104,0.558569,1.711856,2.407861,2.007642,0.033417
2024-04-29,0.918582,-0.216936,1.739924,-0.361838,0.557997,0.723499,-1.062868,0.342224,0.527219,1.130481,-1.548035,0.875085
2024-05-06,-0.569471,-1.122563,0.676314,-0.118088,0.710610,-1.263975,-0.391581,0.400646,0.442931,-0.733732,-1.735869,-1.621624
2024-05-13,-2.954121,-3.736206,-1.956032,-1.235239,0.835375,1.100198,0.029582,0.496620,0.502854,-0.167041,0.349322,-0.865306
2024-05-20,0.034027,-2.128448,-1.887092,-0.984244,-0.432847,-0.256905,-1.055474,-0.466594,-1.057607,0.663833,-0.468638,-1.586041
2024-05-27,-0.553820,-0.950133,-0.318777,0.798728,1.225958,0.017366,-1.184813,0.073620,-1.001738,-0.170846,1.054680,1.662358
2024-06-03,2.680417,0.018743,0.004670,-0.671663,0.560328,1.300332,-0.900387,1.419974,2.036226,-1.927645,0.267570,2.081211
2024-06-10,1.520779,1.539773,1.511913,1.452274,1.354350,2.629719,1.345412,1.147488,0.972508,0.789549,0.659814,0.410207
2024-06-17,1.797507,0.242506,1.411655,2.599913,1.883037,-0.198753,-0.838453,0.297182,1.598616,-0.142482,-0.057944,-1.085177
2024-06-24,-0.339248,0.446891,1.563842,1.130555,0.826688,-0.883692,0.654981,-0.257031,0.324056,1.038561,-1.041206,0.025965
2024-07-01,-0.854756,1.303607,1.883946,0.775790,0.084368,-0.834698,1.858249,0.218048,0.310388,0.683880,-0.767473,0.334809
2024-07-08,-0.141109,-1.304500,0.816576,0.972042,0.874774,0.094749,2.167697,0.484621,0.538957,-2.751144,-0.427236,-0.166259
2024-07-15,-0.815866,-0.325007,0.553914,0.008384,-0.718231,-1.931552,-2.412266,0.230117,0.436660,-0.405426,-0.484188,0.431373
2024-07-22,1.478523,1.663107,1.365658,1.011568,-2.055567,-1.861801,0.165976,-1.030312,-0.350225,0.584443,-0.569088,-0.175479
2024-07-29,-0.087105,0.734590,0.854154,1.260050,0.684015,-0.579397,-0.391784,-0.057030,-0.065801,0.354068,-1.329332,-1.887381
2024-08-05,-0.955359,-0.577044,-0.293164,-0.593479,-0.331651,0.458241,-1.522663,-0.762310,1.691441,-0.744509,0.850719,-0.826349
2024-08-12,-1.929327,-1.098845,-1.852061,-0.654444,-0.265639,1.185763,-0.307798,-1.143046,-1.063220,0.994950,1.095984,-0.098217
2024-08-19,0.051224,0.540931,-1.309067,-1.388742,-0.799777,-0.483253,-0.112505,1.042426,-0.239805,0.499611,1.033543,-0.354879
2024-08-26,1.335476,-0.183354,-0.599416,0.319189,-1.074769,0.426612,-0.236515,-1.366028,0.622967,1.486430,0.989836,-1.341714
2024-09-02,0.219573,1.544812,1.141161,-0.973277,-0.119488,1.627793,0.882330,-1.266805,0.698178,2.300485,0.664080,0.426490
2024-09-09,1.538567,2.105697,1.262850,-0.606276,1.872142,1.541185,0.941364,2.690762,-1.416037,1.092923,-1.145597,-1.011221
2024-09-16,0.750100,-0.800123,1.914023,1.728150,1.083623,2.669349,1.275092,0.005960,-1.978418,0.141351,0.533480,0.066067
2024-09-23,0.429956,0.487327,1.088247,0.650854,1.744919,0.012735,1.942159,0.187550,-1.387740,0.047204,0.185648,0.862481
2024-09-30,0.052168,-0.045399,-0.645690,2.503443,-0.709718,0.200075,-0.581833,-0.724149,-0.615451,0.274215,-1.437140,0.582982
2024-10-07,-3.036361,-1.850618,-2.369111,-1.258603,0.501779,0.113216,1.183997,-0.120755,0.173580,-1.716374,0.574050,0.675981
2024-10-14,0.442447,0.183113,-0.495432,-0.810781,-0.737908,0.449579,0.509422,-1.503559,1.326966,-1.250075,0.986655,-0.413523
2024-10-21,2.541448,1.868853,1.795443,0.837987,1.170632,-0.030080,-0.320462,2.195327,-2.854182,1.272633,2.387101,-0.587342
2024-10-28,0.571050,0.427086,1.638111,0.901678,1.073298,1.205366,0.795528,1.760468,-0.244959,0.006610,1.096978,2.187124
2024-11-04,0.903096,0.039421,1.218417,-1.038681,0.549462,-0.287579,-0.617572,-0.707115,-0.847746,1.660214,1.329230,-0.046108
2024-11-11,0.060251,0.108170,1.104229,-0.274080,2.501590,1.116763,0.282109,0.729613,-0.635270,-0.153384,0.048319,0.564568
2024-11-18,0.456764,-2.581224,1.078636,-1.068760,0.762238,0.253715,1.600295,2.328282,-1.616617,1.179703,-0.895193,-1.312341
2024-11-25,0.170682,-0.832362,-0.727988,-0.332953,-0.300902,1.204765,0.056012,0.058475,-0.464617,-0.386490,-1.884952,0.266634
2024-12-02,-0.132938,0.830972,0.289120,0.471335,-0.620598,0.397954,0.208206,1.127586,1.747083,0.937145,-0.127746,0.549457
2024-12-09,-1.639476,-0.282747,2.312544,-1.337756,-0.148218,0.222487,0.479203,-1.000013,0.021505,2.212707,-0.373992,0.166870
2024-12-16,0.092307,0.375672,0.593554,0.483874,-0.795745,-0.958996,1.507755,-0.603084,0.584670,0.220905,0.155062,0.548646
2024-12-23,1.000682,-0.150348,-0.490988,0.997288,1.378577,0.006381,-0.901065,-0.103756,0.898645,0.397691,0.440908,-0.231622
2024-12-30,-0.224782,0.255933,0.197455,1.507686,1.779385,-0.356183,-0.420216,1.488811,1.108752,-0.705031,-1.296194,-0.586601
2025-01-06,-2.224014,-1.519933,-0.073239,0.668058,1.172392,0.801605,0.157160,1.542092,-0.920152,0.566065,0.216217,-0.394039
2025-01-13,-0.418253,-0.506315,-1.597877,-1.321877,0.870992,2.161401,1.709342,-0.042629,-0.672576,1.123935,1.442239,0.624264
2025-01-20,1.032907,1.260261,-0.067912,0.399884,-0.552910,-0.114868,0.714177,0.420111,0.115305,-1.432723,-0.160146,-0.102913
2025-01-27,-0.832938,-0.941769,-1.417889,0.097246,-0.093762,1.056478,0.265335,-0.079998,-0.142390,-0.749211,0.789053,0.944866
2025-02-03,0.909062,-0.940285,0.681337,-0.845471,-1.288970,0.509860,0.110790,-1.537994,-2.159156,-1.284366,-1.680701,-0.445020
2025-02-10,0.437918,0.945770,1.043331,0.529316,-0.346927,0.440714,1.154561,0.425596,-0.966298,0.131615,-0.185124,1.224165
2025-02-17,0.564534,0.471962,1.030819,-0.185169,-0.348535,-1.888921,0.182943,0.521011,0.886919,-1.870237,-0.121493,2.340181
2025-02-24,0.139742,-0.874363,0.821639,-1.113460,0.694552,-0.225481,2.454288,-0.254683,2.524816,-1.666405,-0.302712,0.694341
2025-03-03,0.246302,-0.374693,-2.097560,-1.044082,1.353042,0.832493,1.099054,0.944046,0.860682,-2.602705,2.376656,-0.646087
2025-03-10,-0.748097,1.862274,1.122622,0.716451,1.037251,-0.872345,-1.822590,0.245627,1.013132,-1.495321,0.150924,-0.842737
2025-03-17,-0.825821,-0.804768,0.231937,0.107512,0.156379,0.606836,-0.757357,1.490392,1.151122,-0.057304,1.305578,0.918936
2025-03-24,-0.511718,-0.189484,0.177971,0.319650,0.471378,-0.836720,0.217194,0.475900,-0.395113,-0.159429,-0.608570,-1.133127
2025-03-31,-0.736058,-1.133354,-1.846835,0.571828,0.082727,0.263355,1.545990,1.230411,0.708982,-1.781173,-0.772700,-0.412109
2025-04-07,-0.043571,-0.824465,-1.427466,-0.207123,-0.659691,-0.052921,0.877526,-1.943535,0.636268,-0.795829,-1.302007,1.162548
2025-04-14,-2.326466,-1.242278,-0.739929,-1.791506,-1.420324,-0.809813,-1.609850,-2.366065,0.904952,0.121411,-0.745949,0.115753
2025-04-21,-1.157949,0.060486,-0.019764,-1.503665,-1.768394,-2.051854,-1.215705,-1.306322,-0.563120,1.576347,-1.625186,-1.367129
2025-04-28,-1.394418,-0.679982,-0.523539,-1.900453,0.048645,-1.299358,-0.396014,0.730759,0.195164,1.384920,0.315363,-1.498452
2025-05-05,-0.535008,-0.835493,0.389723,-0.630106,-0.650581,0.876606,-0.364712,-0.766398,-1.478519,0.351973,-0.603744,-1.882633
2025-05-12,-1.974335,-1.606350,-1.217992,-0.225243,-2.578545,0.189822,0.146861,-1.209821,-0.470600,0.758634,-0.685599,-0.084432
2025-05-19,0.268037,-0.629046,-0.101591,-0.143476,-0.825907,-0.146646,0.610522,-0.473663,-1.265965,-0.944559,-0.233161,0.919822
2025-05-26,-0.935684,-0.013552,-0.803466,-1.747939,-0.056844,-1.031985,-0.343092,0.135633,-0.082229,-0.610890,0.113288,-1.729934
2025-06-02,-0.066397,0.529461,-0.585894,0.143410,0.886652,1.120942,-0.060324,0.304707,-0.326458,1.387989,-1.071881,-1.024026
2025-06-09,-0.339688,-1.018613,-0.164905,-1.099322,-1.297255,-0.588234,-0.037440,-1.002162,-0.560049,-0.830450,-0.177000,0.276042
2025-06-16,0.655223,-0.785416,-1.324060,-2.428551,-1.845162,-1.526359,0.248852,-0.566424,2.773473,-2.726221,0.735598,0.299661
2025-06-23,-1.002750,0.211286,0.109279,-0.754871,-0.124870,-0.459133,-0.645266,-1.021479,0.998633,0.968962,0.882770,-0.431084
2025-06-30,1.554154,2.127844,1.519689,-0.368085,2.099911,-1.253534,-1.952930,-0.962461,0.174649,0.538922,0.873224,-2.089220
2025-07-07,2.197640,1.853719,0.699215,0.268688,-0.241280,-0.098194,-0.478089,0.233777,-0.748935,0.518124,-0.167602,2.258725
2025-07-14,0.297760,-0.218537,1.276598,-1.063260,2.100735,1.043845,0.143475,0.491420,-1.616651,1.114815,1.985788,1.949123
2025-07-21,1.732905,1.639741,1.308337,1.625597,-1.804140,0.119320,0.622771,-0.490117,-0.253061,-0.045834,1.408682,1.651363
2025-07-28,2.410603,1.406600,0.438052,1.799521,0.869419,-0.718595,-1.411584,-1.814711,-0.538981,0.753874,0.407544,0.464809
2025-08-04,1.029445,0.982071,1.432283,-0.760368,-0.073967,1.933313,-0.729624,0.771800,-0.095788,-0.910244,0.315185,-1.677036
2025-08-11,0.268604,1.594318,1.908783,1.017353,-1.763157,0.503580,-0.807334,0.144933,-0.363491,-0.252407,1.234943,-0.152802
2025-08-18,1.302536,0.230952,1.576668,0.572397,-0.200935,1.271898,0.372755,-0.739582,-1.200422,0.369680,1.015579,0.652085
2025-08-25,0.200377,0.130675,1.743482,1.816104,1.281088,1.883674,0.292598,0.119801,-0.583814,-0.903236,-1.234956,0.799753
2025-09-01,-0.221645,0.316234,-0.209883,0.877281,-0.798221,0.374641,1.350975,0.808495,0.837335,-0.717587,1.468859,-0.162021
2025-09-08,-0.629303,1.083559,-0.959276,-1.806551,-1.046066,-0.929558,-0.097520,-0.373345,-0.462934,0.301906,-0.264305,2.192649
2025-09-15,0.062007,-1.014478,0.701997,0.263653,-1.366881,1.359400,-1.231371,-1.104493,1.982517,-2.185930,2.574168,1.705648
2025-09-22,1.210807,1.387797,0.040336,-0.318498,0.188373,0.507490,-1.038497,-0.423958,0.354463,0.696671,-0.491450,0.445421
2025-09-29,-0.062869,0.265820,-0.152834,1.034748,0.286408,0.245679,1.615895,-1.230035,-0.784172,1.496998,-0.366290,0.880831
2025-10-06,-0.776659,-0.283810,-0.450812,-0.381699,-0.015445,-0.295485,1.236168,-1.709215,0.438513,-1.481107,0.226834,1.262906
2025-10-13,0.297626,-0.090690,-1.978459,-1.160187,-0.762362,0.210721,1.142819,-1.242618,0.274122,-1.422308,-0.893569,-0.009458
2025-10-20,0.255548,-0.654635,-0.047432,0.783183,-0.731061,1.087579,-0.724889,0.730001,2.496669,-0.211173,-1.811035,-0.192003
2025-10-27,0.102620,-1.151795,-0.950757,0.566713,-0.041958,-1.769996,0.202220,-0.038882,-0.845510,0.533699,-1.663703,-0.107626
2025-11-03,-0.869283,-0.146219,0.048411,-0.180094,-0.111270,0.681577,1.950595,1.165640,-1.666862,0.494761,-0.593009,-1.182422
2025-11-10,0.517468,-0.562030,0.029316,-0.127167,-0.104015,-0.740561,1.156315,-0.222616,0.776983,-0.226781,-0.804175,-0.036181
2025-11-17,-1.675535,0.845327,-1.212323,-2.022384,-0.279210,-0.942896,-0.276007,-1.564706,0.672184,-0.798881,-0.520752,-2.294025
2025-11-24,-2.369533,0.789600,-0.129663,-0.696305,-0.058453,0.939923,-0.059112,0.198596,-1.443846,1.597059,-0.171523,-2.056638
2025-12-01,-1.864594,-0.011892,0.228835,-1.170265,-0.212514,-0.020719,-1.082143,-1.510569,-2.108041,-0.054424,-0.511259,-0.106984
2025-12-08,1.051332,-1.889009,-0.677299,0.171361,-0.534759,0.818380,-1.699953,-0.543491,0.571835,-0.120252,-0.900277,-0.708806
2025-12-15,-0.808117,0.420218,-0.521818,0.906967,0.085989,0.453257,1.124396,0.260916,-0.805199,1.943254,0.276298,-1.366583
2025-12-22,0.162702,-0.133637,0.459892,0.226829,0.671748,0.528899,-0.198098,0.975525,1.391708,0.435607,-0.903225,0.537297
2025-12-29,-0.293289,-1.497533,-1.024427,-0.262582,1.227101,0.003758,1.685051,-0.236117,0.125316,0.975120,0.087727,-1.960250
2026-01-05,0.433410,0.155531,-0.718127,0.441162,1.528970,0.064938,0.618768,0.303868,-0.200227,1.742133,-0.303437,-0.039946
2026-01-12,-0.246716,-1.072928,-0.715385,0.481104,0.671515,-0.913746,0.867189,-0.316113,0.003347,1.538097,-1.444030,-0.411180
2026-01-19,-1.403058,-1.183603,-2.453934,-0.745913,-1.699568,-0.406320,-1.009804,-0.604277,-1.336608,0.412630,-2.421557,-0.988664
2026-01-26,-0.030767,-1.092051,-1.310317,-0.977496,-1.924348,-1.519544,0.032816,-0.337415,1.308097,-0.132904,-0.853596,-0.541625
2026-02-02,1.678794,0.141956,0.494178,-0.669228,0.170542,0.447755,-0.352964,-0.880583,-1.036432,-0.489969,-1.530372,0.188946
2026-02-09,-1.594398,1.884715,-0.084133,1.158227,-1.356937,-0.432983,-0.356526,-1.710049,-1.416286,0.083015,0.749965,0.649120
2026-02-16,-1.519438,-1.059512,-1.816826,-0.762533,-1.314338,-1.805279,-0.616475,-1.045430,-0.262425,-0.623244,-1.403983,0.196823
2026-02-23,0.761725,-0.057251,0.729830,-0.698875,0.458063,1.203144,-0.153046,-0.714960,0.036671,-1.924567,0.006272,-1.040924
2026-03-02,1.166146,0.468305,1.563388,0.262773,-0.602009,1.892548,1.194781,-0.365119,-0.998874,0.992427,0.681863,1.583518
2026-03-09,-0.268052,-0.487929,0.817392,0.587594,-0.092506,0.114809,0.764769,-0.626127,-0.234859,-1.268525,2.555658,-0.450401
2026-03-16,-1.802741,0.471988,-1.425241,-2.210387,0.298935,-0.551963,-0.712781,-0.287780,-0.003267,0.010072,-0.911224,0.527092
2026-03-23,1.165351,0.011797,-1.620847,0.472116,-0.402196,0.313343,0.270094,0.957586,-1.070461,1.862158,-1.782071,-2.408280
2026-03-30,-0.925875,-0.054837,0.850564,2.189479,-1.964174,-0.485056,1.123995,1.451145,-1.702833,0.674481,-1.924223,-1.838678
2026-04-06,-0.748985,-0.753201,-0.615441,-0.205861,-1.095631,-0.397636,0.216889,-0.470515,-1.157189,0.710798,1.452743,-1.244613
2026-04-13,1.704791,-0.356730,-2.258078,-1.373396,1.204613,-0.253694,0.506755,-0.657194,0.628782,-1.874512,0.739559,0.547510
2026-04-20,-0.487966,-0.653465,0.723527,0.292206,-1.046426,0.432173,-0.014916,0.467533,-0.388141,1.054726,-1.072004,0.593395
2026-04-27,-0.515197,1.150623,2.295346,1.173767,-3.021170,-0.833955,-2.096335,0.458499,0.046615,-0.405148,-0.439579,0.591484
2026-05-04,0.736287,0.269145,0.326516,0.778325,-0.282961,0.330896,-0.050464,-0.649167,-2.028614,0.225039,-1.523359,-1.009420
2026-05-11,-0.030372,-0.196625,-0.471644,1.218697,-1.103842,-0.473693,-0.864595,-1.123715,-2.395136,0.526234,0.098320,0.247949
2026-05-18,-1.848294,-0.498416,-1.232200,-0.496834,0.326089,-0.933651,-0.991537,0.629227,-0.557078,0.364576,0.720910,2.516903
2026-05-25,1.022688,-0.113912,-0.265154,1.327462,0.726855,0.327200,1.341519,0.845133,-0.151911,-1.053620,-1.291474,-1.273192
2026-06-01,0.172921,1.793143,0.431597,0.380937,1.278943,1.953796,1.734708,1.946368,0.260456,-0.818728,0.128713,-0.105938
2026-06-08,-1.126706,0.594453,-1.227388,0.315200,1.286884,-0.197885,-0.342318,-0.019391,0.110304,-0.855263,1.020945,0.001846
2026-06-15,1.081114,0.919544,1.877718,-1.010684,1.976613,2.456638,2.212995,2.413905,-1.165507,0.239649,0.299693,1.187861
2026-06-22,0.236841,1.610768,2.110647,2.490214,-0.308101,0.315012,-0.320639,0.729982,-1.404396,-0.787562,-0.678531,0.246931
2026-06-29,1.463752,0.712959,-0.137536,2.096418,0.269140,1.311534,1.682473,1.015734,-0.954911,0.671741,-0.118670,0.245107
